{"type":"FeatureCollection","name":"TACTICAL_RECON_LOW_DATA_KR","bbox":[124.0,32.8,132.0,39.8],"properties":{"source":"Natural Earth 1:10m","license":"Public Domain","purpose":"Low-detail offline navigation context; not for precision mapping"},"features":[{"type":"Feature","properties":{"layer":"land","rank":0.0,"class":"Land"},"geometry":{"type":"MultiPolygon","coordinates":[[[[127.57601972700002,39.79629140800006],[127.52084394600001,39.746975002000056],[127.50131269600001,39.70722077000005],[127.51221764400009,39.64948151200008],[127.55274498800009,39.636786200000074],[127.57455488400001,39.595038153000075],[127.52043931200001,39.51046513300008],[127.56210371200007,39.31622955900008],[127.54346764400009,39.301947333000044],[127.52182050900001,39.31622955900008],[127.54224694100003,39.37148672100005],[127.48292076900009,39.43699778900009],[127.42554772200003,39.39252350500004],[127.37842858200008,39.37885163000004],[127.42554772200003,39.357123114000046],[127.46753991000003,39.36383698100008],[127.47339928500003,39.34756094000005],[127.42554772200003,39.33047109600005],[127.39193769600001,39.341864325000074],[127.3720298830001,39.24042604300007],[127.39340254000001,39.20172760600008],[127.45224043100006,39.16596100500004],[127.49130293100006,39.19489166900007],[127.53174889400009,39.146144924000055],[127.60694420700008,39.152044989000046],[127.67562910200002,39.11815013200004],[127.75928795700008,39.11701080900008],[127.88868248800009,38.961371161000045],[127.91431725400003,38.964178778000075],[127.92628014400009,38.934475002000056],[127.96176191500001,38.91791413000004],[128.0146590500001,38.85814036700009],[128.091156446,38.843736070000034],[128.21021569100003,38.727728583000044],[128.28280683700007,38.755072333000044],[128.3476668630001,38.69672272300005],[128.364593946,38.62474192900004],[128.63160241000003,38.144964911000045],[128.9238387380001,37.80231354400007],[129.06421959700003,37.67885976800005],[129.07333418100006,37.61302317900004],[129.108734571,37.59739817900004],[129.14820397200003,37.505113023000035],[129.1899520190001,37.46938711100006],[129.28280683700007,37.32444896000004],[129.3310653000001,37.28217194200005],[129.3789168630001,37.130113023000035],[129.4340926440001,37.06110260600008],[129.41268964900007,37.01805247600004],[129.47388756600003,36.73061758000006],[129.42261803500003,36.61664459800005],[129.44711347700002,36.49331289300005],[129.44092858200008,36.40794505400004],[129.38656660200002,36.322699286000045],[129.38233483200008,36.20184967700004],[129.430511915,36.09739817900004],[129.38085871700002,36.041486844000076],[129.45333141000003,35.99328736800004],[129.554794958,36.082477915000084],[129.5712996750001,36.07184479400007],[129.587250196,36.016913153000075],[129.53558955300002,35.93903563200007],[129.49765058700007,35.74787018400008],[129.44305339200002,35.63609001100008],[129.46727514100007,35.599667569000076],[129.45460045700008,35.51325104400007],[129.41285241000003,35.47207265800006],[129.4004012380001,35.51264069200005],[129.3735457690001,35.53278229400007],[129.3652449880001,35.51325104400007],[129.387054884,35.50226471600007],[129.39185631600003,35.47573476800005],[129.357758009,35.45180898600006],[129.3645813290001,35.40687005700005],[129.34678727000005,35.38227253800005],[129.36044355600006,35.353583075000074],[129.26920554700007,35.31676652800007],[129.25570722700002,35.246975002000056],[129.22847902700005,35.20053055300008],[129.1943465500001,35.155503648000035],[129.12025714900005,35.149616723000065],[129.12347008100005,35.10084547300005],[129.101078185,35.09227615300006],[129.06384042000002,35.120847092000076],[129.021861854,35.05998310700005],[128.99702610500003,35.075728095000045],[129.0004015300001,35.04595001800004],[128.96512461700001,35.04364879600007],[128.95036040000002,35.07291301300006],[128.95800991400006,35.13689688300008],[128.91841959300007,35.08188205300007],[128.90459292600008,35.08109865000006],[128.89792560800004,35.12130533000004],[128.8821860700001,35.08148477700007],[128.791555442,35.08295320800005],[128.78107691500009,35.11106214600005],[128.7619708850001,35.07939238800009],[128.72779381600003,35.104722398000035],[128.70045006600003,35.096136786000045],[128.6962996750001,35.14350006700005],[128.67994225400003,35.11595286700009],[128.638031446,35.14984772300005],[128.61793053500003,35.14325592700004],[128.6020613940001,35.21393463700008],[128.57789147200003,35.17865631700005],[128.62704511800007,35.09076569200005],[128.62476647200003,35.06818268400008],[128.65211022200003,35.06134674700007],[128.60360761800007,35.056626695000034],[128.58033287900003,35.087876695000034],[128.51124108200008,35.10423411700009],[128.469086134,35.095404364000046],[128.481293165,35.07501862200007],[128.3891707690001,35.04901764500005],[128.371429884,35.00678131700005],[128.48812910200002,35.05117422100005],[128.49960371200007,35.00922272300005],[128.47877037900003,34.99005768400008],[128.42001386800007,34.98273346600007],[128.4414168630001,34.95994700700004],[128.432953321,34.890692450000074],[128.45093834700003,34.88589101800005],[128.4609481130001,34.90371328300006],[128.47445722700002,34.890692450000074],[128.43531334700003,34.84316640800006],[128.41292953100003,34.837635083000066],[128.38288272,34.839289670000085],[128.38339652600007,34.85458744400006],[128.41586347700002,34.86273834800005],[128.35377037900003,34.868475653000075],[128.326508009,34.88906484600005],[128.357758009,34.90989817900004],[128.33505293100006,34.947333075000074],[128.30225670700008,34.90802643400008],[128.22413170700008,34.93789297100005],[128.2070418630001,34.890692450000074],[128.13941491000003,34.891913153000075],[128.1211043630001,34.90029531500005],[128.1176863940001,34.92422109600005],[128.0556746750001,34.931626695000034],[128.054047071,35.03583405200004],[128.0693465500001,35.082464911000045],[128.02499433700007,35.03579336100006],[128.0009871750001,35.034084377000056],[128.01929772200003,34.99868398600006],[128.0068465500001,34.99176666900007],[127.95386803500003,34.97882721600007],[127.92579186300009,35.01976146000004],[127.91211998800009,34.96206289300005],[127.89120527400007,34.94668203300006],[127.74439537900003,34.960191148000035],[127.71924889400009,34.99005768400008],[127.70923912900003,34.94041575700004],[127.66211998800009,34.90680573100008],[127.64112389400009,34.89911530200004],[127.59156334700003,34.94643789300005],[127.57528730600006,34.91364166900007],[127.60116621200007,34.856350002000056],[127.65650475400003,34.81191640800006],[127.69996178500003,34.84227122600004],[127.77564537900003,34.84906647300005],[127.74154707100001,34.72557200700004],[127.70639082100001,34.71588776200008],[127.65626061300009,34.73126862200007],[127.62427819100003,34.69822825700004],[127.64071699300007,34.61798737200007],[127.56080162900003,34.662176825000074],[127.55591881600003,34.68455638200004],[127.58448326900009,34.74624258000006],[127.55591881600003,34.80072663000004],[127.53541100400003,34.80809153900009],[127.52125084700003,34.889837958000044],[127.48389733200008,34.839544989000046],[127.36532636800007,34.82404205900008],[127.42554772200003,34.80072663000004],[127.35792076900009,34.75971100500004],[127.39527428500003,34.75665924700007],[127.40601647200003,34.70001862200007],[127.46615644600001,34.662176825000074],[127.48755944100003,34.63686758000006],[127.45224043100006,34.63686758000006],[127.49520918100006,34.62323639500005],[127.50358985000003,34.59132477300005],[127.45224043100006,34.57477448100008],[127.39210045700008,34.60203685100004],[127.34937584700003,34.58584219000005],[127.35792076900009,34.55426666900007],[127.41841862600006,34.55528036900006],[127.43921959700003,34.540676174000055],[127.37494096800003,34.485036569000044],[127.35661839400007,34.49196473000006],[127.32780172800005,34.47392946100007],[127.34359785200002,34.445013739000046],[127.315925504,34.44490102000009],[127.22348066500001,34.54682038000004],[127.17237389400009,34.52757396000004],[127.17920983200008,34.513332424000055],[127.12452233200008,34.540676174000055],[127.12964928500003,34.56391022300005],[127.21338951900009,34.63686758000006],[127.19288170700008,34.57477448100008],[127.24667402400007,34.58372630400004],[127.26099694100003,34.62995026200008],[127.24057050900001,34.67096588700008],[127.27475019600001,34.705145575000074],[127.31446373800009,34.65192291900007],[127.35792076900009,34.69822825700004],[127.33155358200008,34.74115631700005],[127.29078209700003,34.72138092700004],[127.24805748800009,34.76654694200005],[127.19971764400009,34.691473700000074],[127.13624108200008,34.68805573100008],[127.01026451900009,34.612494208000044],[126.98666425900001,34.55369700700004],[126.99415123800009,34.540676174000055],[126.93897545700008,34.49591705900008],[126.94076582100001,34.45457591400009],[126.89600670700008,34.44993724200009],[126.89795983200008,34.41771067900004],[126.80982506600003,34.451239325000074],[126.80665123800009,34.56854889500005],[126.77784264400009,34.58649323100008],[126.75521894600001,34.55768463700008],[126.76596113400001,34.52338288000004],[126.73511803500003,34.514878648000035],[126.76148522200003,34.47919342700004],[126.70875084700003,34.44989655200004],[126.72689863400001,34.43301015800006],[126.69019616000003,34.43593984600005],[126.68222089900007,34.41400788000004],[126.63363691500001,34.395697333000044],[126.60328209700003,34.300441799000055],[126.52125084700003,34.294175523000035],[126.52743574300007,34.34137604400007],[126.47958418100006,34.348822333000044],[126.51758873800009,34.413763739000046],[126.47584069100003,34.433254299000055],[126.48373457100001,34.47016022300005],[126.46591230600006,34.472357489000046],[126.49024498800009,34.50861237200007],[126.54175866000003,34.513332424000055],[126.51376386800007,34.53384023600006],[126.53964277400007,34.56297435100004],[126.39087975400003,34.53384023600006],[126.34603925900001,34.58462148600006],[126.32496178500003,34.569647528000075],[126.29525800900001,34.589056708000044],[126.30152428500003,34.60887278900009],[126.32276451900009,34.60887278900009],[126.27108808700007,34.64248281500005],[126.29029381600003,34.75023021000004],[126.31959069100003,34.747748114000046],[126.35670006600003,34.69822825700004],[126.34424889400009,34.67788320500006],[126.36988366000003,34.60887278900009],[126.46461022200003,34.58466217700004],[126.47274824300007,34.60203685100004],[126.4349971470001,34.60678590300006],[126.41256654200004,34.62976606800004],[126.41610761800007,34.65273672100005],[126.3861337410001,34.63583540500008],[126.37861288900001,34.711182163000046],[126.4478811570001,34.705878563000056],[126.45289147200003,34.67096588700008],[126.53571133000003,34.62317762500004],[126.51911134500006,34.65036980700006],[126.6027010030001,34.62553248100005],[126.62362714900007,34.62995026200008],[126.55543053500003,34.66351959800005],[126.56275475400003,34.67096588700008],[126.50839277400007,34.71849192900004],[126.36401690800005,34.74916010800007],[126.39232840700004,34.76860745200008],[126.46014859900004,34.77875539200005],[126.53492272200003,34.74603913000004],[126.54444420700008,34.79572174700007],[126.63819420700008,34.78803131700005],[126.63111412900003,34.80072663000004],[126.66529381600003,34.80809153900009],[126.65040123800009,34.82217031500005],[126.57577558700007,34.82176341400009],[126.58944746200007,34.883246161000045],[126.56763756600003,34.90143463700008],[126.54175866000003,34.883246161000045],[126.54859459700003,34.84906647300005],[126.51327558700007,34.78229401200008],[126.48715254000001,34.78705475500004],[126.50074303500003,34.80809153900009],[126.48715254000001,34.813788153000075],[126.37354576900009,34.790716864000046],[126.42505944100003,34.890692450000074],[126.40170332100001,34.91547272300005],[126.39771569100003,34.95148346600007],[126.43637129000001,34.98139069200005],[126.39999433700007,34.98456452000005],[126.37061608200008,34.96849192900004],[126.37728925900001,34.93789297100005],[126.36329186300009,34.927435614000046],[126.31519616000003,34.93789297100005],[126.32886803500003,34.94472890800006],[126.30152428500003,34.97260163000004],[126.34921308700007,34.97260163000004],[126.34620201900009,34.99408600500004],[126.37411543100006,35.016831773000035],[126.32064863400001,35.083319403000075],[126.30152428500003,35.08869049700007],[126.30941816500001,35.06622955900008],[126.28834069100003,35.05296458500004],[126.25424238400001,35.12343984600005],[126.28907311300009,35.13939036700009],[126.31519616000003,35.11595286700009],[126.34302819100003,35.15696849200009],[126.34498131600003,35.09642161700009],[126.36532636800007,35.07404205900008],[126.41138756600003,35.06134674700007],[126.40723717500009,35.03896719000005],[126.42505944100003,35.01976146000004],[126.45240319100003,35.10028717700004],[126.41415449300007,35.11969635600008],[126.37110436300009,35.173529364000046],[126.37728925900001,35.21161530200004],[126.36353600400003,35.239488023000035],[126.30892988400001,35.233303127000056],[126.37728925900001,35.25259023600006],[126.35670006600003,35.25999583500004],[126.38038170700008,35.28416575700004],[126.38070722700002,35.32709381700005],[126.41138756600003,35.36985911700009],[126.45850670700008,35.34544505400004],[126.41822350400003,35.39402903900009],[126.492663279,35.525333007000086],[126.59423270100001,35.54248771200008],[126.64288939900007,35.57277499300005],[126.69247480600006,35.534369208000044],[126.67017662900003,35.58869049700007],[126.51315778100002,35.57689651800007],[126.46373599600008,35.60197285700008],[126.46755899100003,35.63963844700004],[126.5971677010001,35.713890194000044],[126.62513225000009,35.745625835000055],[126.62938900800009,35.77548057900009],[126.66215366800009,35.79299834500006],[126.73312722800006,35.792415051000035],[126.78199303500003,35.76023997600004],[126.79102623800009,35.791449286000045],[126.70337975400003,35.84845612200007],[126.72909589900007,35.86497630400004],[126.79712975400003,35.86286041900007],[126.83749433700007,35.89329661700009],[126.80982506600003,35.91168854400007],[126.73316491000003,35.88556549700007],[126.61228893200007,35.89022422000005],[126.60880930300004,35.931126764000055],[126.56973974000005,35.94595198400009],[126.52573565800003,35.940358909000054],[126.5214167360001,35.97052000300005],[126.74447675900001,35.989569403000075],[126.84913170700008,36.036037502000056],[126.87069746200007,36.06195709800005],[126.69247480600006,35.99990469000005],[126.63111412900003,36.07558828300006],[126.64503014400009,36.08470286700009],[126.58944746200007,36.13080475500004],[126.55228153900009,36.13080877800007],[126.52917225600004,36.153514132000055],[126.49341881600003,36.13080475500004],[126.49740117200008,36.16001868200004],[126.531356813,36.17393972800005],[126.60328209700003,36.17182038000004],[126.53492272200003,36.219631252000056],[126.58261152400007,36.29466380400004],[126.51376386800007,36.32265859600005],[126.58261152400007,36.35301341400009],[126.57618248800009,36.36627838700008],[126.52059980600006,36.37360260600008],[126.50074303500003,36.39093659100007],[126.51376386800007,36.397691148000035],[126.49877937600002,36.420105859000046],[126.61744225400003,36.47345612200007],[126.55909264400009,36.47345612200007],[126.52344811300009,36.441107489000046],[126.49765058700007,36.44839101800005],[126.48340905000009,36.49701569200005],[126.51392662900003,36.52879466400009],[126.47032852100006,36.54019879300006],[126.45765695400007,36.595595665000076],[126.51231193700005,36.603209348000064],[126.51986738400001,36.626166083000044],[126.48379869000007,36.64960341400007],[126.50803023500009,36.67041328400006],[126.474535156,36.687885090000066],[126.477349172,36.71688812300005],[126.50074303500003,36.71987539300005],[126.47958418100006,36.74713776200008],[126.43799889400009,36.716457424000055],[126.443907384,36.638081079000074],[126.42423834400006,36.60658137000007],[126.36714982900003,36.62906549500008],[126.3779087690001,36.702581756000086],[126.36988366000003,36.73232656500005],[126.34302819100003,36.74038320500006],[126.32431074300007,36.699652411000045],[126.30152428500003,36.69936758000006],[126.34302819100003,36.61001211100006],[126.29525800900001,36.58270905200004],[126.28858483200008,36.61001211100006],[126.30233808700007,36.634426174000055],[126.27295983200008,36.673163153000075],[126.27418053500003,36.71987539300005],[126.22925866000003,36.68471914300005],[126.17774498800009,36.67324453300006],[126.15699303500003,36.702053127000056],[126.20313561300009,36.70587799700007],[126.21338951900009,36.72671133000006],[126.15821373800009,36.76080963700008],[126.13282311300009,36.70384349200009],[126.12818444100003,36.76129791900007],[126.16561933700007,36.816066799000055],[126.18539472700002,36.781317450000074],[126.21338951900009,36.781317450000074],[126.19223066500001,36.808579820000034],[126.22071373800009,36.80174388200004],[126.24000084700003,36.816066799000055],[126.19874108200008,36.82322825700004],[126.21338951900009,36.85700104400007],[126.19223066500001,36.885931708000044],[126.23389733200008,36.90420156500005],[126.22999108200008,36.873032945000034],[126.27523847700002,36.87474192900004],[126.28565514400009,36.96112702000005],[126.30892988400001,36.966864325000074],[126.32349694100003,36.883246161000045],[126.30152428500003,36.85700104400007],[126.30892988400001,36.82908763200004],[126.28272545700008,36.80369700700004],[126.29127037900003,36.78925202000005],[126.32789147200003,36.80463288000004],[126.35670006600003,36.788763739000046],[126.32870527400007,36.846991278000075],[126.33936608200008,36.85700104400007],[126.36532636800007,36.83535390800006],[126.40455162900003,36.85700104400007],[126.37728925900001,36.87689850500004],[126.40137780000009,36.88141510600008],[126.41920006600003,36.922308661000045],[126.41138756600003,36.93891022300005],[126.35385175900001,36.95522695500006],[126.37647545700008,36.97492096600007],[126.33570397200003,36.986761786000045],[126.35303795700008,36.999986070000034],[126.39144941500001,36.98981354400007],[126.39087975400003,37.007879950000074],[126.44540449300007,37.00340403900009],[126.45289147200003,36.99017975500004],[126.43238366000003,36.96198151200008],[126.43873131600003,36.94578685100004],[126.46859785200002,36.95758698100008],[126.47852623800009,36.93585846600007],[126.46591230600006,36.86692942900004],[126.48389733200008,36.841498114000046],[126.51913496200007,36.94790273600006],[126.58261152400007,36.89801666900007],[126.55909264400009,36.94236888200004],[126.49341881600003,36.99701569200005],[126.50538170700008,37.00657786700009],[126.54004967500009,36.97687409100007],[126.57211347700002,36.97748444200005],[126.51225445700004,37.016430340000056],[126.50074303500003,37.05499909100007],[126.626094867,36.99610446500009],[126.63111412900003,36.91160716400009],[126.64649498800009,36.925116278000075],[126.64944896100008,36.96605646100005],[126.681544454,36.99470406900008],[126.75776694600006,36.982219859000054],[126.79623457100001,36.95575592700004],[126.78199303500003,36.89118073100008],[126.81275475400003,36.91693756700005],[126.83017011800007,36.910223700000074],[126.82984459700003,36.83934153900009],[126.84913170700008,36.78803131700005],[126.82984459700003,36.775091864000046],[126.85084069100003,36.753973700000074],[126.87159264400009,36.804022528000075],[126.86329186300009,36.82908763200004],[126.90479576900009,36.822251695000034],[126.86019941500001,36.869574286000045],[126.98951256600003,36.91860586100006],[127.00717207100001,36.95262278900009],[126.99415123800009,36.966864325000074],[127.04200280000009,36.99359772300005],[126.98218834700003,36.980169989000046],[126.96908613400001,36.93203359600005],[126.91268964900007,36.92963288000004],[126.83790123800009,36.975897528000075],[126.82440967100001,37.00261617600006],[126.88428795700008,37.007879950000074],[126.87069746200007,37.021470445000034],[126.91098066500001,37.014105536000045],[126.88314863400001,37.069566148000035],[126.89047285200002,37.09593333500004],[126.87045332100001,37.09076569200005],[126.84913170700008,37.03729889500005],[126.75521894600001,37.048814195000034],[126.75119053500009,37.07009237300008],[126.75285886400002,37.100687967000056],[126.77826835000008,37.13280400600007],[126.86353600400003,37.15029531500005],[126.87069746200007,37.175482489000046],[126.82984459700003,37.15867747600004],[126.80738366000003,37.165269273000035],[126.80233808700007,37.18537018400008],[126.70289147200003,37.124701239000046],[126.68604576900009,37.13930898600006],[126.70687910200002,37.16486237200007],[126.66846764400009,37.161810614000046],[126.67066491000003,37.185614325000074],[126.71900475400003,37.212876695000034],[126.68018639400009,37.217678127000056],[126.65845787900003,37.25429922100005],[126.67212975400003,37.261704820000034],[126.76758873800009,37.25429922100005],[126.78199303500003,37.22016022300005],[126.81918379000001,37.27440013200004],[126.87069746200007,37.26788971600007],[126.85214277400007,37.28620026200008],[126.73331008900004,37.30617043500007],[126.68979271900002,37.332486420000066],[126.71716238900001,37.38383877600006],[126.66475029200001,37.38916822900006],[126.64034014200001,37.36438956600006],[126.61508749300003,37.37974492700005],[126.63862853900002,37.41379056200009],[126.59598521600003,37.43965658900004],[126.60476098200002,37.48569654000005],[126.64416298100002,37.50438517100008],[126.60110577300009,37.50680210400009],[126.60379237200004,37.54929667300007],[126.560514625,37.60735331500007],[126.53101647200003,37.75470612200007],[126.54818769600001,37.77016836100006],[126.60328209700003,37.75454336100006],[126.64852949300007,37.76504140800006],[126.66684004000001,37.746161200000074],[126.66146894600001,37.67243073100008],[126.75521894600001,37.637884833000044],[126.67880293100006,37.68626536700009],[126.70053144600001,37.74298737200007],[126.68490644600001,37.79360586100006],[126.69247480600006,37.837103583000044],[126.66700280000009,37.82758209800005],[126.65162194100003,37.799261786000045],[126.59327233200008,37.77440013200004],[126.43661543100006,37.84837474200009],[126.39771569100003,37.89175039300005],[126.37867272200003,37.88959381700005],[126.25953209700003,37.84544505400004],[126.15821373800009,37.82965729400007],[126.14771569100003,37.81903717700004],[126.16537519600001,37.76825592700004],[126.15821373800009,37.73346588700008],[126.11036217500009,37.74091217700004],[126.08692467500009,37.80036041900007],[126.06283613400001,37.80223216400009],[126.05575605600006,37.87059153900009],[126.01278730600006,37.85431549700007],[126.00074303500003,37.88556549700007],[125.95948326900009,37.912176825000074],[125.94410241000003,37.90192291900007],[125.97250410200002,37.874335028000075],[125.98617597700002,37.82282135600008],[125.92164147200003,37.84487539300005],[125.83497155000009,37.94354889500005],[125.80518639400009,37.95156484600005],[125.79932701900009,37.99290599200009],[125.59693444100003,38.03221263200004],[125.57821699300007,38.009019273000035],[125.59652754000001,37.992254950000074],[125.64071699300007,37.97361888200004],[125.67538496200007,37.97760651200008],[125.67831464900007,37.95254140800006],[125.71933027400007,37.95254140800006],[125.69882246200007,37.92523834800005],[125.73975670700008,37.92523834800005],[125.68506920700008,37.89858633000006],[125.63062584700003,37.92523834800005],[125.64120527400007,37.85639069200005],[125.62305748800009,37.837103583000044],[125.64413496200007,37.82282135600008],[125.60922285200002,37.806301174000055],[125.62012780000009,37.765326239000046],[125.58399498800009,37.76752350500004],[125.57056725400003,37.787095445000034],[125.52890058700007,37.77252838700008],[125.52759850400003,37.796128648000035],[125.47461998800009,37.73118724200009],[125.38526451900009,37.71637604400007],[125.34750410200002,37.67560455900008],[125.33505293100006,37.68626536700009],[125.36378014400009,37.76089101800005],[125.39039147200003,37.75454336100006],[125.44491621200007,37.77440013200004],[125.37728925900001,37.78188711100006],[125.38990319100003,37.796128648000035],[125.45582116000003,37.82282135600008],[125.52418053500003,37.81781647300005],[125.52759850400003,37.84332916900007],[125.49732506600003,37.83966705900008],[125.47909589900007,37.85761139500005],[125.51010175900001,37.89427317900004],[125.44564863400001,37.92039622600004],[125.42440839900007,37.912176825000074],[125.43189537900003,37.89858633000006],[125.38355553500003,37.89175039300005],[125.42798912900003,37.87449778900009],[125.44491621200007,37.84332916900007],[125.39966881600003,37.86546458500004],[125.34937584700003,37.86440664300005],[125.37728925900001,37.84332916900007],[125.30836022200003,37.80914948100008],[125.30103600400003,37.82282135600008],[125.23951256600003,37.82282135600008],[125.30836022200003,37.87807851800005],[125.25709069100003,37.91461823100008],[125.26002037900003,37.93268463700008],[125.17660566500001,37.867621161000045],[125.10035241000003,37.875067450000074],[125.01319420700008,37.90599192900004],[125.01351972700002,37.939520575000074],[124.97950280000009,37.92523834800005],[124.99219811300009,37.95294830900008],[125.06202233200008,37.978583075000074],[125.13379967500009,37.96002838700008],[125.17538496200007,37.969916083000044],[125.17750084700003,37.987941799000055],[125.15528405000009,37.97996653900009],[125.11532636800007,38.002386786000045],[125.10670006600003,38.03461334800005],[125.20167076900009,38.04938385600008],[125.22518964900007,38.02142975500004],[125.24634850400003,38.02008698100008],[125.25318444100003,38.053941148000035],[125.27369225400003,38.06240469000005],[125.26490319100003,38.07794830900008],[125.14063561300009,38.09780508000006],[125.01351972700002,38.06240469000005],[124.88526451900009,38.13165924700007],[124.86548912900003,38.107082424000055],[124.79379316500001,38.09780508000006],[124.66724694100003,38.12571849200009],[124.82178795700008,38.18593984600005],[124.85596764400009,38.22695547100005],[124.89527428500003,38.22150299700007],[124.92090905000009,38.18935781500005],[124.99301191500001,38.22695547100005],[124.91504967500009,38.22907135600008],[124.87232506600003,38.25763580900008],[124.87973066500001,38.34520091400009],[124.94727623800009,38.450506903000075],[124.97217858200008,38.462144273000035],[124.97266686300009,38.44037506700005],[125.01636803500003,38.49795156500005],[124.98394855600009,38.59194167600003],[125.03762506700002,38.59127144900009],[125.05824114500001,38.568467928000075],[125.10276941300003,38.59352342600005],[125.12800864000008,38.58028144200006],[125.13721764400009,38.62474192900004],[125.11841881600003,38.64516836100006],[125.12338300900001,38.66632721600007],[125.15659989900007,38.631726627000035],[125.17962270700002,38.63465513600005],[125.1797965070001,38.67000248100004],[125.20348540400005,38.652553381000075],[125.26729528800001,38.67031000600008],[125.30103600400003,38.65680573100008],[125.369108353,38.69476077500008],[125.44190514400009,38.68622467700004],[125.46265709700003,38.70726146000004],[125.50709069100003,38.68622467700004],[125.52076256600003,38.65265534100007],[125.54517662900003,38.679388739000046],[125.61036217500009,38.63108958500004],[125.65780683700007,38.63100820500006],[125.63062584700003,38.65888092700004],[125.58895918100006,38.66632721600007],[125.52759850400003,38.72093333500004],[125.47909589900007,38.727728583000044],[125.44776451900009,38.77724844000005],[125.41089928500003,38.755072333000044],[125.43417402400007,38.736761786000045],[125.41931328300006,38.72926491900006],[125.38924406500007,38.717449085000055],[125.35621178500003,38.73456452000005],[125.34107506600003,38.71747467700004],[125.30103600400003,38.73456452000005],[125.30836022200003,38.70726146000004],[125.27767988400001,38.70331452000005],[125.24350019600001,38.72833893400008],[125.26685631600003,38.755072333000044],[125.24097741000003,38.79311758000006],[125.22518964900007,38.796087958000044],[125.21655678700006,38.73971680000005],[125.188119798,38.73860758200004],[125.13721764400009,38.80353424700007],[125.151966217,38.891528975000085],[125.19864306900001,38.986056348000034],[125.27080255200008,39.08060612500009],[125.33505293100006,39.08344147300005],[125.28407024400008,39.089556418000086],[125.28736412900003,39.152329820000034],[125.34351647200003,39.16889069200005],[125.32886803500003,39.19330475500004],[125.34359785200002,39.212876695000034],[125.41089928500003,39.21381256700005],[125.39356530000009,39.245794989000046],[125.44491621200007,39.310614325000074],[125.41627037900003,39.32025788000004],[125.40463300900001,39.36465078300006],[125.42440839900007,39.357123114000046],[125.45923912900003,39.38507721600007],[125.35702558700007,39.39874909100007],[125.38355553500003,39.440334377000056],[125.34253991000003,39.43353913000004],[125.34603925900001,39.45962148600006],[125.39722741000003,39.50177643400008],[125.41366621200007,39.538723049000055],[125.45028730600006,39.557928778000075],[125.44491621200007,39.58437734600005],[125.28598066500001,39.521185614000046],[125.21029707100001,39.57306549700007],[125.22518964900007,39.59121328300006],[125.15756269600001,39.59121328300006],[125.17123457100001,39.56386953300006],[125.11695397200003,39.56586334800005],[125.09750410200002,39.602728583000044],[125.04769941500001,39.60419342700004],[124.95826256600003,39.66201406500005],[124.93783613400001,39.645819403000075],[124.90162194100003,39.66205475500004],[124.88160241000003,39.70416901200008],[124.77064966,39.74181142100008],[124.74610436300009,39.78294505400004],[124.74462405300005,39.69135615600004],[124.75711508900008,39.687905913000066],[124.72980457000006,39.66529252400005],[124.74390709700003,39.64435455900008],[124.69501666400004,39.637539814000036],[124.63745219100008,39.59048344900009],[124.610803014,39.62865050000005],[124.64509531300007,39.66946608400008],[124.64698326900009,39.69757721600007],[124.62378991000003,39.69354889500005],[124.58480879000001,39.72357819200005],[124.58912194100003,39.76585521000004],[124.56600996200007,39.77887604400007],[124.56410801391418,39.8],[127.57601972700002,39.79629140800006]]],[[[130.60333770450214,32.8],[130.44125410200002,32.92365143400008],[130.42066491000003,33.087591864000046],[130.3794051440001,33.107855536000045],[130.36475670700008,33.140326239000046],[130.29044274400007,33.14958862900005],[130.24139647700008,33.188234066000064],[130.1508895190001,33.11188385600008],[130.1275648720001,33.120936620000066],[130.22231019900005,32.97520504800008],[130.18853629400007,32.91532115800004],[130.10531660200002,32.87592194200005],[130.15363495200006,32.84245733200004],[130.1782842890001,32.842494953000084],[130.24358790200006,32.875284097000076],[130.30728451900006,32.876298975000054],[130.339419787,32.856579311000075],[130.3688256579443,32.8],[129.77698788594824,32.8],[129.754508987,32.81848265700006],[129.7327100450001,32.80557017500007],[129.68702233200008,32.854803778000075],[129.66968834700003,32.90497467700004],[129.638430137,32.92654636300006],[129.631129363,32.956533586000035],[129.68161222900005,33.094092267000065],[129.7201975270001,33.078967687000045],[129.734711134,33.04661692900004],[129.7596653390001,33.047889438000084],[129.7386319100001,33.019118252000055],[129.74166376900007,32.99103548100004],[129.76632809800003,33.01795398200005],[129.79695900000002,33.01006172800004],[129.82327699500001,32.97953752800004],[129.80667695500006,32.91469654700006],[129.78694480600007,32.94780487100007],[129.80747728000006,32.88594190900005],[129.79439983400005,32.874920702000054],[129.845439553,32.83830848400004],[129.88320558400005,32.87569270700004],[130.00314754200008,32.845378716000084],[129.93122442100002,32.92889427000006],[129.9456226420001,33.015757714000074],[129.881443666,33.062762999000086],[129.8238593850001,33.043118812000046],[129.82235552400005,33.06267999000005],[129.79751505900003,33.07730904400006],[129.77495184000009,33.05831396000008],[129.74647953500005,33.065590119000035],[129.733225585,33.101632521000056],[129.74919681100005,33.09813060100004],[129.75867661200004,33.13894149100008],[129.7285262380001,33.122300523000035],[129.72285634600007,33.15840396900006],[129.70976418500004,33.16257034400007],[129.7041121750001,33.11180247600004],[129.6665145190001,33.101263739000046],[129.66233194300003,33.12651117200005],[129.68702233200008,33.142238674000055],[129.6528426440001,33.17015208500004],[129.652679884,33.19025299700007],[129.5521443460001,33.225838734000035],[129.56534239400003,33.27206736000005],[129.59149849000005,33.283410159000084],[129.57146659700004,33.32063960100004],[129.58041276000006,33.371007269000074],[129.59241527900008,33.381115210000075],[129.62061608200008,33.35927969000005],[129.64437910200002,33.36237213700008],[129.67318468100007,33.39853911700004],[129.67687347600008,33.362418888000036],[129.70100788500008,33.35300693100004],[129.74416374600003,33.364314257000046],[129.80746504,33.34813060100004],[129.81983483200008,33.304754950000074],[129.8515731130001,33.28001536700009],[129.8413281180001,33.315977314000065],[129.86866295700008,33.39744700700004],[129.7872572230001,33.45451903900005],[129.81844004700008,33.48421177600005],[129.84888756600003,33.44245026200008],[129.87134850400003,33.44293854400007],[129.8368347390001,33.513254121000045],[129.8531871560001,33.55250171100005],[129.94214928500003,33.531683661000045],[129.961273634,33.51276276200008],[129.9412089010001,33.47953658700004],[129.96264789400004,33.482607278000046],[129.97538907600006,33.45414314300007],[130.01685631600003,33.44578685100004],[130.05529438300005,33.495225676000075],[130.1679793630001,33.534084377000056],[130.174164259,33.546861070000034],[130.1298934250001,33.54002513200004],[130.09302819100003,33.573431708000044],[130.156663622,33.60650551500004],[130.1595475270001,33.62959605400005],[130.1977645190001,33.63361237200007],[130.208011242,33.66507643700004],[130.23650149800005,33.644232489000046],[130.2313843830001,33.61884615200006],[130.27192137300005,33.61166814100005],[130.26543167800003,33.58857951500005],[130.29029381600003,33.574204820000034],[130.31530703800001,33.59736182000006],[130.39086562400007,33.60487402200005],[130.40750100800005,33.650468484000044],[130.39869225400003,33.669134833000044],[130.34897188800005,33.64113020500008],[130.30698072000007,33.65544060500008],[130.28926262000004,33.681544502000065],[130.304966046,33.68744291200005],[130.3454978970001,33.66247159000005],[130.44459069100003,33.71820709800005],[130.46998655100003,33.762869178000074],[130.449554884,33.80223216400009],[130.48894290500004,33.85537344000005],[130.50757897200003,33.84906647300005],[130.548187696,33.88076406500005],[130.63306725400003,33.882473049000055],[130.684418165,33.93423086100006],[130.75604891900002,33.94368111300008],[130.82822790400007,33.93958513800004],[130.82133888200008,33.92028713700006],[130.86142341900006,33.92556771800008],[130.88085281300005,33.89593952100006],[130.91358483200008,33.89118073100008],[130.94947136400003,33.93819283900007],[131.007147594,33.96605493200008],[131.0186856580001,33.956262097000035],[130.99292883500004,33.89766466700007],[130.9998293210001,33.87386354000006],[130.98460705500008,33.87396048700009],[130.99068439000007,33.856827183000064],[130.96168053500003,33.81622955900008],[131.0069447090001,33.813087590000066],[131.0097762380001,33.746161200000074],[131.0644637380001,33.65326569200005],[131.10297618100003,33.62425323800005],[131.367620482,33.57480177900004],[131.41770310800007,33.58168167900004],[131.52104511700009,33.67637079200006],[131.59001712300005,33.68301015800006],[131.66736627400007,33.66719200300008],[131.72953798100002,33.58023616300005],[131.737294841,33.48460779900006],[131.70624349800005,33.40958266700005],[131.64031009200005,33.41657135600008],[131.63461347700002,33.37396881700005],[131.60108483200008,33.364935614000046],[131.59623445500006,33.349400219000074],[131.50602854600004,33.36307383900004],[131.51037964,33.273403693000034],[131.5478621750001,33.25495026200008],[131.61221917500006,33.25293648400009],[131.6545351640001,33.271625235000045],[131.700043165,33.25409577000005],[131.71086238200007,33.27017583800006],[131.82217409700002,33.24403243800009],[131.902624533,33.26604183300009],[131.87224368600005,33.20034414300005],[131.83097601300005,33.16971306700009],[131.8095736890001,33.12764888700008],[131.84262129,33.113267320000034],[131.86883062000004,33.12876699900005],[131.91145721600003,33.12481513400007],[131.8689377610001,33.09434021100009],[131.8632173310001,33.08253329200005],[131.88051074700002,33.07504043000006],[131.929216945,33.068270865000045],[131.9423835450001,33.09255668600008],[131.97608483200008,33.060248114000046],[132.0,33.08546476021773],[132.0,33.04908298711496],[131.929550264,33.047089602000085],[131.903168165,32.98305898600006],[131.95923912900003,32.944525458000044],[132.0,32.939685858234576],[132.0,32.906947364117244],[131.98218834700003,32.88890208500004],[132.0,32.87100898848163],[131.9555770190001,32.82754140800006],[132.0,32.82750233192806],[131.98176286661706,32.8],[130.60333770450214,32.8]]],[[[131.99480228000004,33.91347890800006],[131.8520613940001,33.99835846600007],[131.81226647200003,33.97142161700009],[131.826508009,33.96523672100005],[131.77955162900003,33.96967194200005],[131.77751712300005,33.98574453300006],[131.8227645190001,34.026678778000075],[131.74146569100003,34.05621979400007],[131.63347415500004,34.026678778000075],[131.59327233200008,34.03729889500005],[131.59742272200003,34.00263092700004],[131.57886803500003,33.98574453300006],[131.4829207690001,34.03204987200007],[131.44117272200003,33.97890859600005],[131.42058353000004,33.99941640800006],[131.39332116000003,33.98574453300006],[131.4047957690001,34.017279364000046],[131.38990319100003,34.03974030200004],[131.3325301440001,33.962103583000044],[131.25798587300005,33.92479075700004],[131.2158309250001,33.95075104400007],[131.1782332690001,33.93048737200007],[131.16026595300002,33.95279605600007],[131.1660262380001,33.97711823100008],[131.10316468400003,34.03021689000008],[131.03559480800004,34.04797509500008],[130.91575345500007,33.913989822000076],[130.8794051440001,33.937933661000045],[130.90965033600003,33.973651604000054],[130.91257739700006,34.05334156200007],[130.87842858200008,34.06785716400009],[130.86158287900003,34.11273834800005],[130.9111434250001,34.15448639500005],[130.92335045700008,34.18378327000005],[130.8715926440001,34.27924225500004],[130.8930770190001,34.34349192900004],[131.03360681000004,34.381789240000046],[130.9550887380001,34.40346914300005],[130.933929884,34.39598216400009],[130.97639607600001,34.438967292000086],[131.0097762380001,34.41030508000006],[131.0747176440001,34.42475006700005],[131.133922988,34.41156180400009],[131.14079837300005,34.37848541900007],[131.172699415,34.36774323100008],[131.19170165700007,34.39364779300007],[131.17131454900004,34.42953460500007],[131.2526317610001,34.437386992000086],[131.28121391700006,34.40795780000008],[131.2295028000001,34.41771067900004],[131.2089949880001,34.36933014500005],[131.32309029500004,34.393011809000086],[131.33473090300004,34.41611429100004],[131.41431725400003,34.42397695500006],[131.41331462800008,34.45387373300008],[131.4619246750001,34.499253648000035],[131.45476321700005,34.51911041900007],[131.536468946,34.565619208000044],[131.55729919400005,34.61485699900004],[131.59587649800005,34.616848049000055],[131.59687157300004,34.659589372000084],[131.65641471600009,34.65358629000008],[131.680332196,34.674649043000045],[131.746081807,34.675353457000085],[131.840784385,34.70532851000007],[131.8584090500001,34.714504299000055],[131.87375767000003,34.75922287700007],[132.0,34.840439225555286],[131.99480228000004,33.91347890800006]]]]}},{"type":"Feature","properties":{"layer":"land","rank":6.0,"class":"Land"},"geometry":{"type":"Polygon","coordinates":[[[127.20427493600005,34.486761786000045],[127.24512780000009,34.464056708000044],[127.22868899800005,34.43024323100008],[127.16895592500009,34.41771067900004],[127.11736087300005,34.437567450000074],[127.12378991000003,34.45522695500006],[127.11052493600005,34.464911200000074],[127.12435957100001,34.47333405200004],[127.20427493600005,34.486761786000045]]]}},{"type":"Feature","properties":{"layer":"land","rank":5.0,"class":"Land"},"geometry":{"type":"MultiPolygon","coordinates":[[[[126.40479576900009,36.47964101800005],[126.43213951900009,36.40794505400004],[126.36378014400009,36.411363023000035],[126.37761478000004,36.446193752000056],[126.34262129000001,36.438381252000056],[126.36378014400009,36.47345612200007],[126.32814310100002,36.47108949500006],[126.31481811200001,36.58178686300005],[126.34118120200003,36.60413360200005],[126.3602436000001,36.609360123000044],[126.37354576900009,36.592230536000045],[126.36336739900003,36.573839777000046],[126.37940514400009,36.51837799700007],[126.40479576900009,36.49331289300005],[126.38379967500009,36.48712799700007],[126.40479576900009,36.47964101800005]]],[[[129.109711134,32.98289622600004],[129.1696282160001,33.005816536000054],[129.18280727800004,32.984685539000054],[129.10035241000003,32.91901276200008],[129.0965722520001,32.85694237600006],[129.0679197190001,32.86118283400009],[129.0649520190001,32.81781647300005],[129.04572282800007,32.822092732000044],[129.0478195170001,32.909964614000046],[129.03305097700002,32.93333567900004],[128.97942307000005,32.94760914500006],[128.98146031200008,32.960351967000065],[129.05445397200003,32.97931549700007],[129.04862219400002,33.039602796000054],[129.06521060500006,33.04395398200006],[129.067645125,33.01911582900004],[129.0839949880001,33.02338288000004],[129.1081802980001,33.16668808900005],[129.1085937680001,33.12241788400007],[129.12391110500005,33.109172923000074],[129.09725354,33.01810575300004],[129.109711134,32.98289622600004]]],[[[129.56216330100006,33.366393867000056],[129.501148101,33.28003244000007],[129.49309512600007,33.245163286000036],[129.44660473600004,33.19851960500006],[129.37602131000006,33.16971922700009],[129.342500664,33.179620180000086],[129.3498690240001,33.21346751500005],[129.384781986,33.183493173000045],[129.40650475400003,33.19403717700004],[129.3776568840001,33.21463952800008],[129.39396140600002,33.23952590600004],[129.41676916100005,33.23692960500006],[129.40641102400002,33.27495079100004],[129.43726510800002,33.296679880000056],[129.442662691,33.34806608900004],[129.49512950000008,33.35829457300008],[129.5083096620001,33.38209177600004],[129.52291622400003,33.36837711800007],[129.5393097000001,33.37948754900009],[129.52532080700007,33.40492725000007],[129.5556842000001,33.41080491100007],[129.56216330100006,33.366393867000056]]],[[[129.79957116000003,33.764837958000044],[129.78386478000004,33.73818594000005],[129.73506403500005,33.73673856400006],[129.721039259,33.69773997600004],[129.67729361500005,33.72909541000007],[129.68116070200006,33.744217528000036],[129.657126909,33.74255478300006],[129.64665808300003,33.77277290600006],[129.68702233200008,33.75918203300006],[129.6602833510001,33.783591931000046],[129.6569338810001,33.81545368900004],[129.678401807,33.81493097400005],[129.68864750300008,33.871145815000034],[129.76726321700005,33.84454987200007],[129.76678701100002,33.80209537200005],[129.7968856130001,33.786444403000075],[129.7763778000001,33.773423570000034],[129.79957116000003,33.764837958000044]]],[[[129.31678390000002,34.294468719000065],[129.34710276200008,34.28697774700004],[129.31807550400003,34.25834963300008],[129.32480321700007,34.22925262400008],[129.29746398300006,34.21865848400006],[129.29721196100002,34.170476062000034],[129.27658744000007,34.12911120600006],[129.220421471,34.08887792300004],[129.19030802600003,34.11481074200009],[129.17163425900003,34.10680681200006],[129.18049970800007,34.227217013000086],[129.207360827,34.32927727400005],[129.22846143900006,34.32078103500004],[129.22405260200003,34.29344308800006],[129.27528831000006,34.30759681400008],[129.26892495000004,34.32246424500005],[129.28019698700007,34.32287172800005],[129.31252838900002,34.27975637600008],[129.31678390000002,34.294468719000065]]],[[[126.38160241000003,34.48468659100007],[126.34587649800005,34.40900299700007],[126.30925540500004,34.42397695500006],[126.30518639400009,34.401678778000075],[126.20997155000009,34.35879140800006],[126.14478600400003,34.35504791900007],[126.15308678500003,34.38849518400008],[126.12427819100003,34.40346914300005],[126.12427819100003,34.38231028900009],[126.10328209700003,34.402777411000045],[126.11573326900009,34.43618398600006],[126.14421634200005,34.46320221600007],[126.17212975400003,34.464911200000074],[126.22657311300009,34.52757396000004],[126.23829186300009,34.515692450000074],[126.26832116000003,34.52204010600008],[126.27442467500009,34.53725820500006],[126.24105879000001,34.566473700000074],[126.24773196700005,34.57477448100008],[126.28044681100005,34.56830475500004],[126.32227623800009,34.53384023600006],[126.34945722700002,34.54682038000004],[126.38160241000003,34.48468659100007]]],[[[129.45264733200008,34.61945221600007],[129.47820071700005,34.59711334800005],[129.4460831890001,34.51477564000004],[129.379472781,34.452622973000075],[129.38428795700008,34.42401764500005],[129.3618308670001,34.405485748000046],[129.35946395400003,34.39062150700005],[129.39318101000003,34.41080021800008],[129.38431153200008,34.38341631900005],[129.4079686450001,34.351579901000036],[129.400755935,34.337924254000086],[129.34383322200006,34.30031431500004],[129.30546399500008,34.32487545400005],[129.34506369500002,34.32724397800007],[129.3470027080001,34.35585198900009],[129.3051037470001,34.34320609200006],[129.309322243,34.384401910000065],[129.286358737,34.34400826400008],[129.22891302300002,34.35560142600008],[129.272349114,34.375696607000066],[129.26856862500006,34.43305128800006],[129.31086745200002,34.46051106800007],[129.28073429900007,34.45064666500008],[129.276044124,34.46218849400009],[129.3261191900001,34.53543877000004],[129.28910691400006,34.56986674800004],[129.32330009600003,34.64807215700006],[129.37833743400006,34.644851764000066],[129.42574516500008,34.67780118600007],[129.42330488100004,34.69507089000007],[129.46456058500007,34.70080530600006],[129.4877511300001,34.676396890000035],[129.46911995900007,34.652558845000044],[129.4882777150001,34.63567767100005],[129.480912804,34.619909575000065],[129.45264733200008,34.61945221600007]]],[[[126.06031334700003,34.92690664300005],[126.08912194100003,34.911322333000044],[126.08073978000004,34.87099844000005],[125.98650149800005,34.86273834800005],[126.06031334700003,34.92690664300005]]],[[[128.0747176440001,34.80365631700005],[128.05591881600003,34.69822825700004],[127.97527103000004,34.69993724200009],[127.95411217500009,34.75971100500004],[127.93767337300005,34.76703522300005],[127.90626061300009,34.71308014500005],[127.89210045700008,34.71271393400008],[127.86182701900009,34.73086172100005],[127.82935631600003,34.86896393400008],[127.87289472700002,34.92446523600006],[127.91724694100003,34.93618398600006],[127.93824303500003,34.91396719000005],[127.90560957100001,34.86896393400008],[127.91993248800009,34.83543528900009],[127.96192467500009,34.80695221600007],[128.02906334700003,34.82176341400009],[128.0747176440001,34.80365631700005]]],[[[126.50017337300005,37.59617747600004],[126.47608483200008,37.61107005400004],[126.41016686300009,37.60203685100004],[126.37012780000009,37.63104889500005],[126.41667728000004,37.65184153900009],[126.36695397200003,37.72724030200004],[126.37378991000003,37.796128648000035],[126.40707441500001,37.82070547100005],[126.42530358200008,37.82444896000004],[126.51636803500003,37.767238674000055],[126.51400800900001,37.723537502000056],[126.54200280000009,37.63104889500005],[126.50017337300005,37.59617747600004]]],[[[126.16358483200008,34.75495026200008],[126.17212975400003,34.70380280200004],[126.13843834700003,34.72345612200007],[126.11133873800009,34.71771881700005],[126.06959069100003,34.76968008000006],[126.16358483200008,34.75495026200008]]],[[[126.14942467500009,34.80809153900009],[126.16423587300005,34.76976146000004],[126.14625084700003,34.76186758000006],[126.09253991000003,34.78758372600004],[126.14942467500009,34.80809153900009]]],[[[126.09620201900009,34.79877350500004],[126.06714928500003,34.85053131700005],[126.11255944100003,34.85342031500005],[126.12281334700003,34.87881094000005],[126.15202884200005,34.871161200000074],[126.11589603000004,34.80312734600005],[126.09620201900009,34.79877350500004]]],[[[128.07683353000004,34.84247467700004],[127.98731530000009,34.83808014500005],[127.96363366000003,34.85976797100005],[128.01783287900003,34.91657135600008],[128.01343834700003,34.869126695000034],[128.0459090500001,34.89362213700008],[128.07683353000004,34.84247467700004]]],[[[129.02068118600005,32.91669342700004],[129.02409915500004,32.84804922100005],[129.00660241000003,32.86469147300005],[128.9775496750001,32.86399974200009],[128.96412194100003,32.889553127000056],[128.99561608200008,32.89052969000005],[128.98462975400003,32.92918528900009],[129.02068118600005,32.91669342700004]]]]}},{"type":"Feature","properties":{"layer":"land","rank":6.0,"class":"Land"},"geometry":{"type":"MultiPolygon","coordinates":[[[[126.24642988400001,37.811753648000035],[126.34253991000003,37.79214101800005],[126.31820722700002,37.76227448100008],[126.22445722700002,37.76044342700004],[126.24642988400001,37.811753648000035]]],[[[125.97673587300005,34.72825755400004],[126.00318444100003,34.684759833000044],[125.97689863400001,34.65639883000006],[125.92505944100003,34.67096588700008],[125.91602623800009,34.68764883000006],[125.97673587300005,34.72825755400004]]],[[[126.00757897200003,34.75971100500004],[125.95167076900009,34.75926341400009],[125.91814212300005,34.71816640800006],[125.89258873800009,34.73663971600007],[125.89389082100001,34.76227448100008],[125.92505944100003,34.78082916900007],[126.00074303500003,34.79010651200008],[126.00757897200003,34.75971100500004]]],[[[126.10523522200003,35.050034898000035],[126.05600019600001,35.06134674700007],[126.06910241000003,35.10236237200007],[126.12940514400009,35.14288971600007],[126.16521243600005,35.14350006700005],[126.12777754000001,35.12055084800005],[126.14478600400003,35.082464911000045],[126.10523522200003,35.050034898000035]]],[[[126.51483014900009,37.53434720000007],[126.58306593700001,37.49038382800006],[126.50657213500006,37.46556815100007],[126.443412653,37.420625381000036],[126.39949220300002,37.444921322000084],[126.36497292700005,37.44229130500008],[126.35551114100008,37.46622280000008],[126.41888511500008,37.49686137800006],[126.49370873300006,37.50778105200004],[126.51483014900009,37.53434720000007]]],[[[126.33668053500003,37.70990631700005],[126.38070722700002,37.669175523000035],[126.34986412900003,37.65737539300005],[126.28199303500003,37.699286200000074],[126.31999759200005,37.74721914300005],[126.33668053500003,37.70990631700005]]],[[[124.84424889400009,38.55516185100004],[124.90398196700005,38.49437083500004],[124.82203209700003,38.522365627000056],[124.79948978000004,38.50849030200004],[124.79029381600003,38.51740143400008],[124.79444420700008,38.53392161700009],[124.84424889400009,38.55516185100004]]],[[[127.29566491000003,34.06146881700005],[127.32349694100003,34.00576406500005],[127.29566491000003,34.014105536000045],[127.28003991000003,34.05744049700007],[127.29566491000003,34.06146881700005]]],[[[127.53638756600003,34.440659898000035],[127.49463951900009,34.41425202000005],[127.45215905000009,34.45302969000005],[127.45337975400003,34.47060781500005],[127.50993899800005,34.470038153000075],[127.53638756600003,34.440659898000035]]],[[[127.74805748800009,34.55109284100007],[127.79175866000003,34.49201080900008],[127.77116946700005,34.48818594000005],[127.70753014400009,34.53388092700004],[127.74805748800009,34.55109284100007]]],[[[126.10238691500001,34.59487539300005],[126.09937584700003,34.558661200000074],[126.03516686300009,34.53392161700009],[126.05445397200003,34.548895575000074],[126.03126061300009,34.55638255400004],[126.08130944100003,34.58075592700004],[126.06006920700008,34.620794989000046],[126.10238691500001,34.59487539300005]]],[[[126.02857506600003,34.56586334800005],[126.01661217500009,34.60614655200004],[126.02857506600003,34.63422272300005],[126.06039472700002,34.58429596600007],[126.02857506600003,34.56586334800005]]],[[[125.45728600400003,34.69090403900009],[125.41260826900009,34.63231028900009],[125.39877363400001,34.63198476800005],[125.39340254000001,34.65965403900009],[125.41285241000003,34.69196198100008],[125.45728600400003,34.69090403900009]]],[[[126.23755944100003,34.91307200700004],[126.22242272200003,34.93195221600007],[126.25318444100003,34.93349844000005],[126.25017337300005,34.918850002000056],[126.23755944100003,34.91307200700004]]],[[[126.18091881600003,35.04401276200008],[126.17237389400009,35.02362702000005],[126.12777754000001,35.048163153000075],[126.14380944100003,35.05768463700008],[126.18091881600003,35.04401276200008]]],[[[128.8383895190001,35.001206773000035],[128.8266707690001,34.99237702000005],[128.80437259200005,35.056341864000046],[128.8364363940001,35.059800523000035],[128.8383895190001,35.001206773000035]]],[[[126.25367272200003,35.57436758000006],[126.27613366000003,35.61286041900007],[126.30730228000004,35.61664459800005],[126.30567467500009,35.603216864000046],[126.25367272200003,35.57436758000006]]],[[[126.09278405000009,37.22483958500004],[126.10474694100003,37.26752350500004],[126.15919030000009,37.23191966400009],[126.12159264400009,37.210923570000034],[126.09278405000009,37.22483958500004]]],[[[126.49439537900003,37.273504950000074],[126.46949303500003,37.23346588700008],[126.43572024800005,37.23843008000006],[126.44353274800005,37.273098049000055],[126.49439537900003,37.273504950000074]]],[[[126.61638431100005,37.25055573100008],[126.61353600400003,37.23281484600005],[126.53931725400003,37.19806549700007],[126.56039472700002,37.23932526200008],[126.54297936300009,37.28497955900008],[126.57667076900009,37.28766510600008],[126.57789147200003,37.271144924000055],[126.61638431100005,37.25055573100008]]],[[[125.69922936300009,37.67812734600005],[125.70313561300009,37.661444403000075],[125.68783613400001,37.65176015800006],[125.68043053500003,37.67829010600008],[125.69922936300009,37.67812734600005]]],[[[125.33773847700002,37.76870351800005],[125.26099694100003,37.70742422100005],[125.22055097700002,37.70376211100006],[125.27947024800005,37.74941640800006],[125.33773847700002,37.76870351800005]]],[[[125.14283287900003,37.794134833000044],[125.16618899800005,37.813706773000035],[125.19141686300009,37.81549713700008],[125.15626061300009,37.78668854400007],[125.14283287900003,37.794134833000044]]],[[[125.04078209700003,37.83445872600004],[125.04175866000003,37.817287502000056],[124.99773196700005,37.80841705900008],[125.02849368600005,37.81883372600004],[125.04078209700003,37.83445872600004]]],[[[124.72445722700002,37.84365469000005],[124.71420332100001,37.80955638200004],[124.68458092500009,37.799994208000044],[124.67652428500003,37.82489655200004],[124.72445722700002,37.84365469000005]]],[[[124.69361973900004,39.53507889100007],[124.70777906000001,39.53039912400004],[124.70484459700003,39.50873444200005],[124.68458684400002,39.50324259200005],[124.69361973900004,39.53507889100007]]],[[[124.67554772200003,39.53851959800005],[124.64478600400003,39.54767487200007],[124.59587649800005,39.53790924700007],[124.63086998800009,39.56509023600006],[124.69125410200002,39.569647528000075],[124.69564863400001,39.55377838700008],[124.67554772200003,39.53851959800005]]],[[[128.86296634200005,32.835272528000075],[128.90830157337533,32.8],[128.8743507655533,32.8],[128.86296634200005,32.835272528000075]]],[[[128.8355040392226,32.8],[128.837250196,32.83380768400008],[128.85694420700008,32.83002350500004],[128.87173018438455,32.8],[128.8355040392226,32.8]]],[[[128.94654381600003,32.880194403000075],[128.94507897200003,32.804348049000055],[128.88070722700002,32.862616278000075],[128.90894616000003,32.866441148000035],[128.92945397200003,32.84979889500005],[128.94654381600003,32.880194403000075]]],[[[129.128265821,33.30158112200007],[129.14958743600005,33.26902903900009],[129.127289259,33.24750397300005],[129.075043165,33.25991445500006],[129.128265821,33.30158112200007]]],[[[129.57341556100005,33.496079820000034],[129.55445397200003,33.47345612200007],[129.50318444100003,33.47370026200008],[129.54175866000003,33.50731028900009],[129.57341556100005,33.496079820000034]]],[[[125.12281334700003,34.05117422100005],[125.09213300900001,34.07176341400009],[125.10222415500004,34.09593333500004],[125.13640384200005,34.05927155200004],[125.12281334700003,34.05117422100005]]],[[[126.60767662900003,34.16559479400007],[126.61353600400003,34.15253327000005],[126.58179772200003,34.157416083000044],[126.53687584700003,34.12645091400009],[126.50709069100003,34.13886139500005],[126.53288821700005,34.17910390800006],[126.60767662900003,34.16559479400007]]],[[[126.67603600400003,34.15143463700008],[126.66537519600001,34.11908600500004],[126.63868248800009,34.128119208000044],[126.64527428500003,34.19717031500005],[126.67074629000001,34.189886786000045],[126.66187584700003,34.165716864000046],[126.67603600400003,34.15143463700008]]],[[[126.91895592500009,34.19049713700008],[126.91358483200008,34.15766022300005],[126.85320071700005,34.15900299700007],[126.86793053500003,34.207464911000045],[126.89926191500001,34.20966217700004],[126.91895592500009,34.19049713700008]]],[[[126.61622155000009,34.21328359600005],[126.58383222700002,34.17560455900008],[126.54981530000009,34.19122955900008],[126.55974368600005,34.23452383000006],[126.61622155000009,34.21328359600005]]],[[[126.08204186300009,34.31073639500005],[126.08464603000004,34.28388092700004],[126.04932701900009,34.28021881700005],[126.02100670700008,34.30109284100007],[126.03321373800009,34.314886786000045],[126.08204186300009,34.31073639500005]]],[[[126.84961998800009,34.30491771000004],[126.82056725400003,34.32562897300005],[126.75757897200003,34.33612702000005],[126.83765709700003,34.35374583500004],[126.89332116000003,34.34125397300005],[126.87680097700002,34.31224192900004],[126.84961998800009,34.30491771000004]]],[[[127.09498131600003,34.34247467700004],[127.06527754000001,34.33978913000004],[127.07398522200003,34.33417389500005],[127.03882897200003,34.31289297100005],[127.04558353000004,34.33543528900009],[126.99146569100003,34.35626862200007],[127.02540123800009,34.38133372600004],[127.04590905000009,34.35765208500004],[127.07740319100003,34.35932038000004],[127.09498131600003,34.34247467700004]]],[[[126.75757897200003,34.383246161000045],[126.78248131600003,34.42674388200004],[126.82300866000003,34.43984609600005],[126.86109459700003,34.39276764500005],[126.82471764400009,34.39520905200004],[126.77572675900001,34.354722398000035],[126.75757897200003,34.383246161000045]]],[[[128.29712975400003,34.63731517100007],[128.2362573580001,34.61045970300006],[128.22527103000004,34.63283926000008],[128.23951256600003,34.652411200000074],[128.27125084700003,34.63231028900009],[128.29712975400003,34.63731517100007]]],[[[128.35183084900007,34.83542157800008],[128.43799723000006,34.81957166400008],[128.423082744,34.76325254900007],[128.368702331,34.79653684500005],[128.38008923000007,34.81040434100004],[128.33204884400004,34.82570246700004],[128.35183084900007,34.83542157800008]]],[[[128.2548934250001,34.82241445500006],[128.23845462300005,34.796942450000074],[128.20582116000003,34.815619208000044],[128.22730553500003,34.83856842700004],[128.2548934250001,34.82241445500006]]],[[[126.35962975400003,34.858587958000044],[126.36166425900001,34.83738841400009],[126.34205162900003,34.82249583500004],[126.33822675900001,34.841457424000055],[126.30616295700008,34.855902411000045],[126.24870853000004,34.84471263200004],[126.23072350400003,34.85455963700008],[126.29265384200005,34.88068268400008],[126.28646894600001,34.91290924700007],[126.29737389400009,34.91754791900007],[126.34522545700008,34.89622630400004],[126.32007897200003,34.86587148600006],[126.35962975400003,34.858587958000044]]],[[[126.23609459700003,35.051947333000044],[126.18482506600003,35.06268952000005],[126.15870201900009,35.09422435100004],[126.17750084700003,35.10578034100007],[126.23601321700005,35.09837474200009],[126.21851647200003,35.076605536000045],[126.25513756600003,35.05638255400004],[126.26107832100001,35.02456289300005],[126.23804772200003,35.032416083000044],[126.23609459700003,35.051947333000044]]],[[[124.59310957100001,39.43903229400007],[124.61255944100003,39.457139390000066],[124.6190698580001,39.43301015800006],[124.60206139400009,39.427394924000055],[124.59310957100001,39.43903229400007]]],[[[124.23687017669619,39.8],[124.22601537000003,39.79142286700005],[124.21131598900001,39.799505011000065],[124.23687017669619,39.8]]]]}},{"type":"Feature","properties":{"layer":"land","rank":5.0,"class":"Land"},"geometry":{"type":"MultiPolygon","coordinates":[[[[124.92222659900006,39.59828886200006],[124.90967360100001,39.593553532000044],[124.93360925600007,39.55054304500004],[124.81856313900005,39.495444054000075],[124.85697023600005,39.52789893900007],[124.84277262900002,39.53842577900008],[124.88047098200002,39.612454772000035],[124.92222659900006,39.59828886200006]]],[[[127.78207441500001,34.68455638200004],[127.81812584700003,34.61615631700005],[127.80787194100003,34.58820221600007],[127.78663170700008,34.579006252000056],[127.73585045700008,34.62523021000004],[127.76832116000003,34.666083075000074],[127.77588951900009,34.691473700000074],[127.76254316500001,34.71283600500004],[127.79664147200003,34.714178778000075],[127.78207441500001,34.68455638200004]]],[[[128.74431399800005,34.88776276200008],[128.73414147200003,34.837551174000055],[128.72055097700002,34.84227122600004],[128.74170983200008,34.790716864000046],[128.68637129,34.80809153900009],[128.66285241000003,34.769964911000045],[128.6572371750001,34.75698476800005],[128.6938582690001,34.73615143400008],[128.5839949880001,34.705145575000074],[128.6181746750001,34.72557200700004],[128.5986434250001,34.73997630400004],[128.6045028000001,34.76654694200005],[128.57349694100003,34.75348541900007],[128.56039472700002,34.78180573100008],[128.59156334700003,34.79120514500005],[128.6045028000001,34.83543528900009],[128.5908309250001,34.84227122600004],[128.52881920700008,34.80809153900009],[128.48845462300005,34.86896393400008],[128.52328535200002,34.89915599200009],[128.57374108200008,34.91006094000005],[128.6455184250001,34.890692450000074],[128.61638431100005,34.921861070000034],[128.61060631600003,34.95490143400008],[128.6938582690001,34.98627350500004],[128.68189537900003,35.00462474200009],[128.70289147200003,35.03294505400004],[128.724945509,35.01894765800006],[128.7192488940001,34.96629466400009],[128.7343856130001,34.93545156500005],[128.71436608200008,34.87641022300005],[128.74431399800005,34.88776276200008]]],[[[130.92066491000003,37.535589911000045],[130.89673912900003,37.46312083500004],[130.85222415500004,37.45945872600004],[130.8110457690001,37.48700592700004],[130.80583743600005,37.50739166900007],[130.83228600400003,37.532131252000056],[130.90357506600003,37.54584381700005],[130.92066491000003,37.535589911000045]]],[[[124.74366295700008,37.96967194200005],[124.72820071700005,37.94700755400004],[124.67798912900003,37.95254140800006],[124.70533287900003,37.93268463700008],[124.68490644600001,37.919989325000074],[124.61361738400001,37.94505442900004],[124.62403405000009,37.980454820000034],[124.70492597700002,37.98867422100005],[124.74366295700008,37.96967194200005]]],[[[126.70997155000009,34.39288971600007],[126.76807701900009,34.28921133000006],[126.68897545700008,34.30109284100007],[126.69564863400001,34.32078685100004],[126.64486738400001,34.337103583000044],[126.64576256600003,34.38556549700007],[126.67017662900003,34.40058014500005],[126.70997155000009,34.39288971600007]]]]}},{"type":"Feature","properties":{"layer":"land","rank":3.0,"class":"Land"},"geometry":{"type":"Polygon","coordinates":[[[126.95362389400009,33.46503327000005],[126.93238366000003,33.45132070500006],[126.93921959700003,33.430853583000044],[126.92554772200003,33.41315338700008],[126.8735300400001,33.37304551400007],[126.84058678500003,33.310207424000055],[126.64072332900002,33.26466618400008],[126.60691886200004,33.24061045800005],[126.47056220500008,33.228713895000055],[126.33342729600008,33.238169044000074],[126.27003014400009,33.19757721600007],[126.17139733200008,33.26935455900008],[126.16114342500009,33.300767320000034],[126.19581139400009,33.36668528900009],[126.31056732700006,33.46447646100006],[126.4849345880001,33.52075755100009],[126.79236033000007,33.56379690500006],[126.89820397200003,33.51898834800005],[126.93238366000003,33.464911200000074],[126.94605553500003,33.47801341400009],[126.95362389400009,33.46503327000005]]]}},{"type":"Feature","properties":{"layer":"land"},"geometry":{"type":"MultiPolygon","coordinates":[[[[128.67392011800007,32.804388739000046],[128.6816512380001,32.80886465100008],[128.67701256600003,32.80170319200005],[128.67392011800007,32.804388739000046]]],[[[129.59929446700005,32.88857656500005],[129.5927840500001,32.87832265800006],[129.59253991000003,32.884059963000084],[129.59929446700005,32.88857656500005]]],[[[129.19450931100005,32.924261786000045],[129.1879175140001,32.91628652600008],[129.18417402400007,32.920762437000064],[129.19450931100005,32.924261786000045]]],[[[128.948578321,32.90444570500006],[128.93506920700008,32.92418040600006],[128.95207767,32.916896877000056],[128.948578321,32.90444570500006]]],[[[129.62517337300005,32.93809642100007],[129.60051517,32.92161692900004],[129.59400475400003,32.94558340100008],[129.62517337300005,32.93809642100007]]],[[[131.915375196,32.98110586100006],[131.928070509,33.01426829600007],[131.94410241000003,33.01548899900007],[131.931976759,32.99876536700009],[131.9471948580001,32.994208075000074],[131.915375196,32.98110586100006]]],[[[129.189789259,33.00731028900009],[129.17733808700007,33.016058661000045],[129.19589277400007,33.01504140800006],[129.189789259,33.00731028900009]]],[[[129.35214277400007,33.00039297100005],[129.344086134,33.01906972900008],[129.35360761800007,33.021918036000045],[129.35214277400007,33.00039297100005]]],[[[129.22421308700007,32.996975002000056],[129.24618574300007,33.02285390800006],[129.25945071700005,33.01850006700005],[129.24586022200003,32.992295640000066],[129.22421308700007,32.996975002000056]]],[[[129.62558027400007,33.03819407800006],[129.559418165,32.997300523000035],[129.53581790500004,33.00816478100006],[129.56617272200003,33.014919338000084],[129.56120853000004,33.02989329600007],[129.58261152400007,33.030178127000056],[129.60751386800007,33.06386953300006],[129.63502037900003,33.06236399900007],[129.62558027400007,33.03819407800006]]],[[[129.67994225400003,33.13491445500006],[129.67245527400007,33.14305247600004],[129.68083743600005,33.141506252000056],[129.67994225400003,33.13491445500006]]],[[[129.542328321,33.152411200000074],[129.53020267,33.13060130400004],[129.503265821,33.14008209800005],[129.542328321,33.152411200000074]]],[[[131.98194420700008,33.16856517100007],[131.98943118600005,33.173081773000035],[131.98316491000003,33.162990627000056],[131.98194420700008,33.16856517100007]]],[[[128.903168165,33.166083075000074],[128.8969832690001,33.17059967700004],[128.8994246750001,33.173529364000046],[128.903168165,33.166083075000074]]],[[[129.57691491000003,33.184027411000045],[129.5927840500001,33.19285716400009],[129.5922143890001,33.16933828300006],[129.58220462300005,33.16111888200004],[129.57691491000003,33.184027411000045]]],[[[129.13290449300007,33.15798574400009],[129.11931399800005,33.17479075700004],[129.11972089900007,33.21275462400007],[129.14348392,33.18976471600007],[129.13290449300007,33.15798574400009]]],[[[129.02645918100006,33.20689524900007],[129.01425214900007,33.199733791000085],[129.01457767,33.21153392100007],[129.02645918100006,33.20689524900007]]],[[[129.08806399800005,33.207912502000056],[129.091156446,33.18850332200009],[129.0511987640001,33.18276601800005],[129.02906334700003,33.19961172100005],[129.04900149800005,33.21938711100006],[129.08806399800005,33.207912502000056]]],[[[131.94906660200002,33.27195872600004],[131.938324415,33.28070709800005],[131.958343946,33.28078847900008],[131.94906660200002,33.27195872600004]]],[[[129.68083743600005,33.41364166900007],[129.68181399800005,33.42523834800005],[129.6855574880001,33.40778229400007],[129.68083743600005,33.41364166900007]]],[[[129.43116295700008,33.440659898000035],[129.4336043630001,33.356675523000035],[129.40967858200008,33.35264720300006],[129.43116295700008,33.440659898000035]]],[[[129.51286868600005,33.430202541000085],[129.5263778000001,33.453558661000045],[129.5449324880001,33.44220612200007],[129.5375268890001,33.442287502000056],[129.51286868600005,33.430202541000085]]],[[[129.726898634,33.46043528900009],[129.72722415500004,33.45014069200005],[129.71542402400007,33.46385325700004],[129.726898634,33.46043528900009]]],[[[129.78980553500003,33.43227773600006],[129.7382918630001,33.40700918200008],[129.72079511800007,33.41746653900009],[129.75285892,33.47101471600007],[129.78980553500003,33.43227773600006]]],[[[126.94833418100006,33.522650458000044],[126.96363366000003,33.49599844000005],[126.94483483200008,33.493841864000046],[126.94833418100006,33.522650458000044]]],[[[129.963226759,33.53921133000006],[129.9770613940001,33.544216213000084],[129.97673587300005,33.53139883000006],[129.96827233200008,33.52610911700009],[129.963226759,33.53921133000006]]],[[[129.87273196700005,33.545355536000045],[129.87232506600003,33.559759833000044],[129.88347415500004,33.56586334800005],[129.88990319100003,33.55349355700008],[129.87273196700005,33.545355536000045]]],[[[129.7578231130001,33.56346263200004],[129.74520918100006,33.58279043200008],[129.77019290500004,33.57221100500004],[129.7578231130001,33.56346263200004]]],[[[129.8481551440001,33.59979889500005],[129.85499108200008,33.61766185100004],[129.862722201,33.61827220300006],[129.86548912900003,33.59121328300006],[129.8481551440001,33.59979889500005]]],[[[130.31324303500003,33.62051015800006],[130.293304884,33.61302317900004],[130.30144290500004,33.63821035400008],[130.31324303500003,33.62051015800006]]],[[[131.680593295,33.73647695500006],[131.669281446,33.71849192900004],[131.633148634,33.71898021000004],[131.66529381600003,33.73973216400009],[131.680593295,33.73647695500006]]],[[[129.641449415,33.733710028000075],[129.62680097700002,33.74241771000004],[129.64372806100005,33.74172597900008],[129.641449415,33.733710028000075]]],[[[130.3618270190001,33.75413646000004],[130.35995527400007,33.76780833500004],[130.3794051440001,33.760931708000044],[130.379730665,33.75800202000005],[130.3618270190001,33.75413646000004]]],[[[131.95036868600005,33.773138739000046],[131.9751082690001,33.796576239000046],[131.9882918630001,33.78693268400008],[131.9712020190001,33.771144924000055],[131.95036868600005,33.773138739000046]]],[[[131.99952233200008,33.85769277600008],[132.0,33.8576682801917],[132.0,33.856777245569084],[131.99952233200008,33.85769277600008]]],[[[130.49496504,33.89956289300005],[130.48650149800005,33.91421133000006],[130.50709069100003,33.89492422100005],[130.49496504,33.89956289300005]]],[[[130.4243270190001,33.88967519700009],[130.40748131600003,33.90884023600006],[130.44206790500004,33.913397528000075],[130.4374292330001,33.89866771000004],[130.4243270190001,33.88967519700009]]],[[[126.34245853000004,33.956691799000055],[126.32178795700008,33.929754950000074],[126.30258222700002,33.95376211100006],[126.32431074300007,33.95343659100007],[126.34245853000004,33.956691799000055]]],[[[130.864675326,33.98269277600008],[130.86793053500003,33.97801341400009],[130.86101321700005,33.96898021000004],[130.864675326,33.98269277600008]]],[[[131.875905795,33.97207265800006],[131.83602949300007,33.93349844000005],[131.80624433700007,33.940659898000035],[131.81308027400007,33.95587799700007],[131.84782962300005,33.95388418200008],[131.84253991000003,33.96902090100008],[131.860687696,33.98928457200009],[131.875905795,33.97207265800006]]],[[[126.91032962300005,33.986436265000066],[126.93523196700005,33.97410716400009],[126.91244550900001,33.97085195500006],[126.91032962300005,33.986436265000066]]],[[[130.71648196700005,34.000108140000066],[130.71070397200003,33.998928127000056],[130.71404056100005,34.00682200700004],[130.71648196700005,34.000108140000066]]],[[[131.71257571700005,34.034369208000044],[131.73349043100006,33.98781972900008],[131.72331790500004,33.97988515800006],[131.6914168630001,34.007920640000066],[131.71257571700005,34.034369208000044]]],[[[131.76091556100005,34.04783763200004],[131.736664259,34.023138739000046],[131.724945509,34.03359609600005],[131.76091556100005,34.04783763200004]]],[[[127.33464603000004,34.03689199400009],[127.31869550900001,34.03733958500004],[127.30836022200003,34.06041087400007],[127.32300866000003,34.05931224200009],[127.33464603000004,34.03689199400009]]],[[[126.58806399800005,34.11631907800006],[126.6034448580001,34.097316799000055],[126.58155358200008,34.101670640000066],[126.58806399800005,34.11631907800006]]],[[[130.79607181100005,34.09357330900008],[130.77491295700008,34.11660390800006],[130.79607181100005,34.10911692900004],[130.79607181100005,34.09357330900008]]],[[[126.74919681100005,34.20258209800005],[126.76832116000003,34.190659898000035],[126.75912519600001,34.177028713000084],[126.74919681100005,34.20258209800005]]],[[[125.92628014400009,34.239935614000046],[125.936940951,34.24742259300007],[125.95525149800005,34.241400458000044],[125.93685957100001,34.22996653900009],[125.92628014400009,34.239935614000046]]],[[[130.107758009,34.24957916900007],[130.113617384,34.24603913000004],[130.10474694100003,34.238714911000045],[130.107758009,34.24957916900007]]],[[[127.25367272200003,34.250515041000085],[127.25839277400007,34.21206289300005],[127.22242272200003,34.21112702000005],[127.25367272200003,34.250515041000085]]],[[[126.620534701,34.24787018400008],[126.61402428500003,34.23497142100007],[126.59262129000001,34.24164459800005],[126.60181725400003,34.25071849200009],[126.620534701,34.24787018400008]]],[[[126.05388431100005,34.25405508000006],[126.056081576,34.226670640000066],[126.02312259200005,34.23615143400008],[126.05388431100005,34.25405508000006]]],[[[125.92652428500003,34.24628327000005],[125.91439863400001,34.239935614000046],[125.89844811300009,34.24949778900009],[125.91627037900003,34.26109446800007],[125.92652428500003,34.24628327000005]]],[[[127.52597089900007,34.26813385600008],[127.53842207100001,34.270046291000085],[127.53402754000001,34.26109446800007],[127.52597089900007,34.26813385600008]]],[[[126.53923587300005,34.28477610900006],[126.5707300140001,34.28078847900008],[126.53891035200002,34.27574290600006],[126.53923587300005,34.28477610900006]]],[[[127.39950605600006,34.28261953300006],[127.3866479830001,34.294134833000044],[127.40064537900003,34.294582424000055],[127.39950605600006,34.28261953300006]]],[[[127.36736087300005,34.29332103100006],[127.349050326,34.26797109600005],[127.35157311300009,34.29600657800006],[127.36736087300005,34.29332103100006]]],[[[129.383148634,34.30353424700007],[129.3886011080001,34.29132721600007],[129.36011803500003,34.27000560100004],[129.35360761800007,34.29368724200009],[129.383148634,34.30353424700007]]],[[[127.01303144600001,34.331732489000046],[126.98910566500001,34.30756256700005],[126.95598392,34.31659577000005],[126.97274824300007,34.33812083500004],[127.01303144600001,34.331732489000046]]],[[[125.99138431100005,34.33763255400004],[126.05681399800005,34.32965729400007],[126.05787194100003,34.320420640000066],[125.99138431100005,34.33763255400004]]],[[[126.46485436300009,34.340725002000056],[126.476003451,34.342678127000056],[126.47445722700002,34.33340078300006],[126.46485436300009,34.340725002000056]]],[[[130.87712649800005,34.37014394700009],[130.84725996200007,34.34210846600007],[130.837250196,34.353623765000066],[130.86532636800007,34.37636953300006],[130.87712649800005,34.37014394700009]]],[[[125.31308027400007,34.38882070500006],[125.29656009200005,34.380113023000035],[125.28378339900007,34.39838288000004],[125.29883873800009,34.39708079600007],[125.31308027400007,34.38882070500006]]],[[[126.86687259200005,34.40180084800005],[126.92286217500009,34.39394765800006],[126.94646243600005,34.404364325000074],[126.94092858200008,34.37417226800005],[126.90699303500003,34.35533274900007],[126.88738040500004,34.36290110900006],[126.88331139400009,34.38499583500004],[126.86833743600005,34.37063222900008],[126.86687259200005,34.40180084800005]]],[[[127.26978600400003,34.38808828300006],[127.25228925900001,34.38393789300005],[127.23951256600003,34.41368235900006],[127.24789472700002,34.41469961100006],[127.26978600400003,34.38808828300006]]],[[[125.29037519600001,34.45148346600007],[125.28288821700005,34.43427155200004],[125.28109785200002,34.43862539300005],[125.29037519600001,34.45148346600007]]],[[[126.41488691500001,34.457912502000056],[126.41716556100005,34.44985586100006],[126.41382897200003,34.452785549000055],[126.41488691500001,34.457912502000056]]],[[[127.02548261800007,34.452053127000056],[127.06308027400007,34.44977448100008],[127.07422936300009,34.425034898000035],[127.06381269600001,34.40460846600007],[127.02548261800007,34.452053127000056]]],[[[127.81251061300009,34.44961172100005],[127.80648847700002,34.41657135600008],[127.8026636080001,34.40851471600007],[127.786550326,34.43154531500005],[127.79639733200008,34.45779043200008],[127.81251061300009,34.44961172100005]]],[[[126.41211998800009,34.46792226800005],[126.41488691500001,34.45811595300006],[126.40821373800009,34.46120840100008],[126.41211998800009,34.46792226800005]]],[[[126.03882897200003,34.460638739000046],[126.04835045700008,34.49713776200008],[126.06771894600001,34.482082424000055],[126.03882897200003,34.460638739000046]]],[[[127.81413821700005,34.49746328300006],[127.82292728000004,34.47992584800005],[127.7972925140001,34.47520579600007],[127.7972925140001,34.48501211100006],[127.81413821700005,34.49746328300006]]],[[[131.40113366000003,34.50560130400004],[131.4184676440001,34.50002676000008],[131.40650475400003,34.49095286700009],[131.40113366000003,34.50560130400004]]],[[[131.29127037900003,34.51386139500005],[131.27686608200008,34.49909088700008],[131.27597089900007,34.52151113500008],[131.29127037900003,34.51386139500005]]],[[[127.12614993600005,34.50604889500005],[127.10214277400007,34.516791083000044],[127.13412519600001,34.52212148600006],[127.12614993600005,34.50604889500005]]],[[[127.45614668100006,34.47890859600005],[127.44353274800005,34.495021877000056],[127.45801842500009,34.50145091400009],[127.43555748800009,34.51955801000008],[127.46648196700005,34.54140859600005],[127.47413170700008,34.51634349200009],[127.462331576,34.51341380400004],[127.50513756600003,34.493434963000084],[127.45614668100006,34.47890859600005]]],[[[127.39576256600003,34.56321849200009],[127.40495853000004,34.57453034100007],[127.40943444100003,34.580064195000034],[127.40447024800005,34.57009511900009],[127.39576256600003,34.56321849200009]]],[[[127.65788821700005,34.58551666900007],[127.69369550900001,34.56281159100007],[127.65398196700005,34.553900458000044],[127.63705488400001,34.56793854400007],[127.65788821700005,34.58551666900007]]],[[[127.09864342500009,34.59560781500005],[127.09213300900001,34.60809967700004],[127.09872480600006,34.61123281500005],[127.10759524800005,34.60464101800005],[127.09864342500009,34.59560781500005]]],[[[127.56592858200008,34.60618724200009],[127.54957116000003,34.59438711100006],[127.52206464900007,34.61041901200008],[127.55014082100001,34.61937083500004],[127.56592858200008,34.60618724200009]]],[[[125.85971113400001,34.61094798400006],[125.82064863400001,34.59609609600005],[125.80184980600006,34.62140534100007],[125.85507246200007,34.62848541900007],[125.85971113400001,34.61094798400006]]],[[[125.96257571700005,34.64435455900008],[125.97681725400003,34.61867910400008],[125.9457300140001,34.636419989000046],[125.96257571700005,34.64435455900008]]],[[[128.5786238940001,34.64915599200009],[128.58423912900003,34.63922760600008],[128.5615340500001,34.63239166900007],[128.5786238940001,34.64915599200009]]],[[[125.46542402400007,34.63735586100006],[125.46599368600005,34.65538157800006],[125.48161868600005,34.65603261900009],[125.46542402400007,34.63735586100006]]],[[[128.348968946,34.63751862200007],[128.340668165,34.66351959800005],[128.38038170700008,34.63906484600005],[128.348968946,34.63751862200007]]],[[[126.19882246200007,34.64093659100007],[126.12761478000004,34.613348700000074],[126.11589603000004,34.64935944200005],[126.15398196700005,34.67226797100005],[126.15805097700002,34.653550523000035],[126.1742456390001,34.663763739000046],[126.19882246200007,34.64093659100007]]],[[[128.243500196,34.668483791000085],[128.22177168100006,34.68032461100006],[128.25652103000004,34.67556386900009],[128.243500196,34.668483791000085]]],[[[125.37077884200005,34.66661204600007],[125.36207116000003,34.67641836100006],[125.37403405000009,34.68126048400006],[125.38135826900009,34.67723216400009],[125.37077884200005,34.66661204600007]]],[[[128.19548587300005,34.707139390000066],[128.19516035200002,34.68585846600007],[128.1678979830001,34.702419338000084],[128.19548587300005,34.707139390000066]]],[[[126.10775800900001,34.71336497600004],[126.10824629000001,34.70144277600008],[126.10263105600006,34.696519273000035],[126.09457441500001,34.702419338000084],[126.10775800900001,34.71336497600004]]],[[[125.21379642000011,34.71523672100005],[125.18637129000001,34.66225820500006],[125.17831464900007,34.68126048400006],[125.21379642000011,34.71523672100005]]],[[[127.71648196700005,34.71271393400008],[127.74268639400009,34.70652903900009],[127.73267662900003,34.699652411000045],[127.71648196700005,34.71271393400008]]],[[[128.5122176440001,34.73452383000006],[128.49203535200002,34.73191966400009],[128.469574415,34.74046458500004],[128.4892684250001,34.74807363500008],[128.5122176440001,34.73452383000006]]],[[[128.304047071,34.74323151200008],[128.293304884,34.761826890000066],[128.30779056100005,34.75230540600006],[128.304047071,34.74323151200008]]],[[[128.51571699300007,34.76516347900008],[128.5576278000001,34.74941640800006],[128.50855553500003,34.76121653900009],[128.51571699300007,34.76516347900008]]],[[[126.3285425140001,34.78078847900008],[126.31503339900007,34.76007721600007],[126.30591881600003,34.77952708500004],[126.31739342500009,34.787624416000085],[126.3285425140001,34.78078847900008]]],[[[131.12810306100005,34.78432851800005],[131.14771569100003,34.78961823100008],[131.160492384,34.76850006700005],[131.14014733200008,34.759100653000075],[131.12810306100005,34.78432851800005]]],[[[127.44125410200002,34.78225332200009],[127.44735761800007,34.79531484600005],[127.46713300900001,34.80056386900009],[127.45313561300009,34.77867259300007],[127.44125410200002,34.78225332200009]]],[[[128.4706323580001,34.76068756700005],[128.46159915500004,34.80072663000004],[128.470144076,34.792954820000034],[128.4765731130001,34.816514390000066],[128.50847415500004,34.77142975500004],[128.49138431100005,34.75739166900007],[128.4706323580001,34.76068756700005]]],[[[128.14014733200008,34.83478424700007],[128.13396243600005,34.823553778000075],[128.126394076,34.83730703300006],[128.14014733200008,34.83478424700007]]],[[[128.18628991000003,34.82591380400004],[128.17367597700002,34.85443756700005],[128.22673587300005,34.84910716400009],[128.226003451,34.84398021000004],[128.18628991000003,34.82591380400004]]],[[[127.69483483200008,34.87913646000004],[127.71013431100005,34.896470445000034],[127.74488366000003,34.891791083000044],[127.72274824300007,34.87083567900004],[127.69483483200008,34.87913646000004]]],[[[126.26832116000003,34.96067942900004],[126.28858483200008,34.96141185100004],[126.296315951,34.93260325700004],[126.28044681100005,34.93695709800005],[126.26832116000003,34.96067942900004]]],[[[128.5136824880001,34.94444407800006],[128.5332137380001,34.97247955900008],[128.51880944100003,34.92202383000006],[128.5136824880001,34.94444407800006]]],[[[126.19947350400003,34.969631252000056],[126.21566816500001,34.97715892100007],[126.21168053500003,34.95315176000008],[126.19947350400003,34.969631252000056]]],[[[126.2484643890001,34.97996653900009],[126.243093295,35.00446198100008],[126.24740644600001,35.00665924700007],[126.27100670700008,34.981716213000084],[126.2484643890001,34.97996653900009]]],[[[128.65097089900007,35.019639390000066],[128.645925326,34.98025136900009],[128.61142011800007,34.97728099200009],[128.632172071,35.01052480700008],[128.65097089900007,35.019639390000066]]],[[[126.17798912900003,34.996608791000085],[126.17758222700002,34.97813548400006],[126.12948652400007,34.946966864000046],[126.151784701,34.99677155200004],[126.09717858200008,35.00254954600007],[126.13396243600005,35.02456289300005],[126.17798912900003,34.996608791000085]]],[[[128.5493270190001,35.06167226800005],[128.55477949300007,35.069647528000075],[128.56177819100003,35.05219147300005],[128.5493270190001,35.06167226800005]]],[[[129.0549140060001,35.09776077400005],[129.0903980170001,35.07575284700005],[129.08884596400003,35.05021502400007],[129.04660777100003,35.079438921000076],[129.0549140060001,35.09776077400005]]],[[[126.02556399800005,35.075832424000055],[126.01026451900009,35.09703196800007],[126.02100670700008,35.100124416000085],[126.02556399800005,35.075832424000055]]],[[[126.1405542330001,35.26894765800006],[126.13786868600005,35.29747142100007],[126.15414472700002,35.27643463700008],[126.1405542330001,35.26894765800006]]],[[[126.00888105600006,35.35464101800005],[126.02165774800005,35.36302317900004],[126.03907311300009,35.34284088700008],[126.01368248800009,35.33189524900007],[126.00888105600006,35.35464101800005]]],[[[126.63786868600005,35.78656647300005],[126.62362714900007,35.79336172100005],[126.63477623800009,35.80068594000005],[126.63786868600005,35.78656647300005]]],[[[126.47820071700005,35.818793036000045],[126.45948326900009,35.82217031500005],[126.45207767,35.80650462400007],[126.44239342500009,35.83197663000004],[126.47820071700005,35.818793036000045]]],[[[126.38054446700005,35.84833405200004],[126.36524498800009,35.852769273000035],[126.37875410200002,35.85407135600008],[126.38054446700005,35.84833405200004]]],[[[125.99512780000009,36.111436265000066],[125.979909701,36.107407945000034],[125.97006269600001,36.11908600500004],[125.97860761800007,36.126206773000035],[125.99122155000009,36.122341213000084],[125.99512780000009,36.111436265000066]]],[[[126.06470787900003,36.220770575000074],[126.09115644600001,36.23277415600006],[126.09489993600005,36.22492096600007],[126.06470787900003,36.220770575000074]]],[[[126.33920332100001,36.32762278900009],[126.35320071700005,36.35594310100004],[126.35800214900007,36.35415273600006],[126.36768639400009,36.33657461100006],[126.33920332100001,36.32762278900009]]],[[[126.45028730600006,36.35529205900008],[126.38746178500003,36.36892324400009],[126.38298587300005,36.375067450000074],[126.42807050900001,36.38495514500005],[126.45028730600006,36.35529205900008]]],[[[126.079030795,36.67234935100004],[126.04786217500009,36.67169830900008],[126.08358808700007,36.69057851800005],[126.079030795,36.67234935100004]]],[[[125.99203535200002,37.019232489000046],[125.97868899800005,37.04047272300005],[126.01392662900003,37.02846914300005],[125.99203535200002,37.019232489000046]]],[[[126.41830488400001,37.057155666000085],[126.44532311300009,37.05735911700009],[126.44800866000003,37.049261786000045],[126.42953535200002,37.04136790600006],[126.41830488400001,37.057155666000085]]],[[[125.94882246200007,37.067246812000064],[125.94760175900001,37.09467194200005],[125.96485436300009,37.089056708000044],[125.94882246200007,37.067246812000064]]],[[[126.07536868600005,37.08283112200007],[126.06560306100005,37.10370514500005],[126.08513431100005,37.10683828300006],[126.07536868600005,37.08283112200007]]],[[[126.3886011080001,37.11526113500008],[126.39291425900001,37.09780508000006],[126.38119550900001,37.10386790600006],[126.3886011080001,37.11526113500008]]],[[[126.25001061300009,37.16929759300007],[126.25839277400007,37.182521877000056],[126.280690951,37.15696849200009],[126.26644941500001,37.16693756700005],[126.25001061300009,37.16929759300007]]],[[[126.10075931100005,37.18626536700009],[126.10946699300007,37.16506582200009],[126.08765709700003,37.18065013200004],[126.10075931100005,37.18626536700009]]],[[[126.63070722700002,37.21718984600005],[126.63355553500003,37.23297760600008],[126.64706464900007,37.21173737200007],[126.63070722700002,37.21718984600005]]],[[[126.34034264400009,37.255153713000084],[126.32203209700003,37.24473704600007],[126.280690951,37.26321035400008],[126.28760826900009,37.268744208000044],[126.34034264400009,37.255153713000084]]],[[[126.43612714900007,37.371975002000056],[126.41236412900003,37.36745840100008],[126.40316816500001,37.407131252000056],[126.43466230600006,37.38739655200004],[126.43612714900007,37.371975002000056]]],[[[126.47250410200002,37.53347402600008],[126.46509850400003,37.51109446800007],[126.43197675900001,37.52220286700009],[126.45875084700003,37.53986237200007],[126.47250410200002,37.53347402600008]]],[[[126.33155358200008,37.52558014500005],[126.31251061300009,37.55621979400007],[126.38233483200008,37.532090562000064],[126.36963951900009,37.52789948100008],[126.33155358200008,37.52558014500005]]],[[[125.71989993600005,37.60879140800006],[125.70883222700002,37.611029364000046],[125.71859785200002,37.61383698100008],[125.71989993600005,37.60879140800006]]],[[[126.26034589900007,37.62799713700008],[126.2269800140001,37.65119049700007],[126.25277754000001,37.653225002000056],[126.26034589900007,37.62799713700008]]],[[[126.164968295,37.66864655200004],[126.19483483200008,37.68386465100008],[126.206472201,37.661403713000084],[126.19548587300005,37.655910549000055],[126.164968295,37.66864655200004]]],[[[126.13868248800009,37.67955149900007],[126.13021894600001,37.69135163000004],[126.142019076,37.68699778900009],[126.13868248800009,37.67955149900007]]],[[[126.23210696700005,37.71438222900008],[126.21843509200005,37.72064850500004],[126.243093295,37.71698639500005],[126.23210696700005,37.71438222900008]]],[[[125.65040123800009,37.733710028000075],[125.64665774800005,37.735256252000056],[125.64958743600005,37.737941799000055],[125.65040123800009,37.733710028000075]]],[[[125.214284701,37.755153713000084],[125.23991946700005,37.754746812000064],[125.23812910200002,37.74079010600008],[125.23495527400007,37.73997630400004],[125.214284701,37.755153713000084]]],[[[124.74317467500009,37.77814362200007],[124.76823978000004,37.76968008000006],[124.72982832100001,37.75861237200007],[124.74317467500009,37.77814362200007]]],[[[125.9178979830001,37.77639394700009],[125.88827558700007,37.76793040600006],[125.921315951,37.784084377000056],[125.9178979830001,37.77639394700009]]],[[[125.33155358200008,37.78620026200008],[125.33643639400009,37.80036041900007],[125.35995527400007,37.810532945000034],[125.34197024800005,37.79254791900007],[125.33155358200008,37.78620026200008]]],[[[125.76246178500003,37.81037018400008],[125.77003014400009,37.79665761900009],[125.76010175900001,37.798529364000046],[125.76246178500003,37.81037018400008]]],[[[124.966237826,37.92418040600006],[124.95834394600001,37.91441478100006],[124.95704186300009,37.927801825000074],[124.966237826,37.92418040600006]]],[[[124.82382246200007,38.05141836100006],[124.81959069100003,38.058701890000066],[124.8241479830001,38.061387437000064],[124.82382246200007,38.05141836100006]]],[[[124.97934004000001,38.62518952000005],[125.00399824300007,38.64752838700008],[124.98536217500009,38.647324937000064],[124.98829186300009,38.67357005400004],[125.02019290500004,38.659043687000064],[124.97934004000001,38.62518952000005]]],[[[127.52784264400009,39.21934642100007],[127.51547285200002,39.22496165600006],[127.5370386080001,39.22418854400007],[127.52784264400009,39.21934642100007]]],[[[127.61719811300009,39.22239817900004],[127.62289472700002,39.23818594000005],[127.63925214900007,39.23570384300007],[127.64022871200007,39.22618235900006],[127.61719811300009,39.22239817900004]]],[[[124.71680748800009,39.40810781500005],[124.7269800140001,39.421128648000035],[124.73292076900009,39.418076890000066],[124.71680748800009,39.40810781500005]]],[[[124.77344811300009,39.447333075000074],[124.76913496200007,39.46548086100006],[124.79200280000009,39.45913320500006],[124.77344811300009,39.447333075000074]]],[[[124.62126712300005,39.46869538000004],[124.63054446700005,39.463405666000085],[124.62704511800007,39.46157461100006],[124.62126712300005,39.46869538000004]]],[[[124.62509199300007,39.49896881700005],[124.62191816500001,39.48550039300005],[124.61793053500003,39.49323151200008],[124.62509199300007,39.49896881700005]]],[[[125.1117456390001,39.50336334800005],[125.10971113400001,39.50926341400009],[125.11459394600001,39.509100653000075],[125.1117456390001,39.50336334800005]]],[[[124.80966230600006,39.51414622600004],[124.80152428500003,39.51894765800006],[124.81267337300005,39.513332424000055],[124.80966230600006,39.51414622600004]]],[[[125.21070397200003,39.51707591400009],[125.19516035200002,39.531236070000034],[125.21762129000001,39.52517324400009],[125.21070397200003,39.51707591400009]]],[[[125.14454186300009,39.520778713000084],[125.13819420700008,39.53660716400009],[125.16342207100001,39.54075755400004],[125.14454186300009,39.520778713000084]]],[[[125.15219160200002,39.54319896000004],[125.13762454500011,39.555568752000056],[125.16358483200008,39.544134833000044],[125.15219160200002,39.54319896000004]]],[[[124.73414147200003,39.54446035400008],[124.73658287900003,39.558661200000074],[124.74146569100003,39.55821360900006],[124.73414147200003,39.54446035400008]]],[[[124.76335696700005,39.619248765000066],[124.75473066500001,39.614894924000055],[124.75928795700008,39.62608470300006],[124.76335696700005,39.619248765000066]]],[[[124.90845787900003,39.622341213000084],[124.8988550140001,39.628566799000055],[124.90536543100006,39.63231028900009],[124.90845787900003,39.622341213000084]]],[[[124.76807701900009,39.63979726800005],[124.75798587300005,39.63271719000005],[124.75961347700002,39.64008209800005],[124.76807701900009,39.63979726800005]]],[[[124.83871504000001,39.637925523000035],[124.82520592500009,39.64492422100005],[124.84229576900009,39.643784898000035],[124.83871504000001,39.637925523000035]]],[[[124.45232181100005,39.68256256700005],[124.44792728000004,39.686387437000064],[124.45378665500004,39.68764883000006],[124.45232181100005,39.68256256700005]]],[[[124.52670332100001,39.72016022300005],[124.5175073580001,39.717678127000056],[124.54883873800009,39.730129299000055],[124.52670332100001,39.72016022300005]]],[[[131.8610417440001,37.244006186000036],[131.86170437700002,37.24160561000008],[131.86014777700007,37.24239861400008],[131.8610417440001,37.244006186000036]]]]}},{"type":"Feature","properties":{"layer":"coastline","rank":0.0,"class":"Coastline"},"geometry":{"type":"MultiLineString","coordinates":[[[131.98176286661706,32.8],[132.0,32.81730709284633]],[[132.0,32.82750233192806],[131.9555770190001,32.82754140800006],[132.0,32.87100898848163]],[[132.0,32.871567863412956],[131.98218834700003,32.88890208500004],[132.0,32.906947364117244]],[[132.0,32.939685858234576],[131.97917728000004,32.950384833000044],[131.95923912900003,32.944525458000044],[131.94970144800004,32.959274942000036],[131.93470534100004,32.95950686200007],[131.903168165,32.98305898600006],[131.90677350700003,33.01184695400008],[131.929550264,33.047089602000085],[132.0,33.04908298711496]],[[132.0,33.08546476021773],[131.99611291500003,33.09171124900007],[131.99146569100003,33.06899648600006],[131.97608483200008,33.060248114000046],[131.9580184250001,33.06720612200007],[131.9423835450001,33.09255668600008],[131.93446936200007,33.092017862000034],[131.929216945,33.068270865000045],[131.88051074700002,33.07504043000006],[131.8632173310001,33.08253329200005],[131.8689377610001,33.09434021100009],[131.91145721600003,33.12481513400007],[131.86883062000004,33.12876699900005],[131.84262129,33.113267320000034],[131.8095736890001,33.12764888700008],[131.83097601300005,33.16971306700009],[131.87224368600005,33.20034414300005],[131.87155536400007,33.21541862600009],[131.902624533,33.26604183300009],[131.88444854400007,33.26830565600005],[131.82217409700002,33.24403243800009],[131.71086238200007,33.27017583800006],[131.700043165,33.25409577000005],[131.6545351640001,33.271625235000045],[131.61221917500006,33.25293648400009],[131.5478621750001,33.25495026200008],[131.51037964,33.273403693000034],[131.49838511400003,33.34066626900005],[131.50602854600004,33.36307383900004],[131.532980942,33.366113306000045],[131.55616295700008,33.34638092700004],[131.59623445500006,33.349400219000074],[131.60108483200008,33.364935614000046],[131.63461347700002,33.37396881700005],[131.64031009200005,33.41657135600008],[131.6587020190001,33.42283763200004],[131.70624349800005,33.40958266700005],[131.7092823690001,33.432637870000065],[131.737294841,33.48460779900006],[131.729109,33.51254769600007],[131.73991946700005,33.53969961100006],[131.72953798100002,33.58023616300005],[131.66736627400007,33.66719200300008],[131.6274520190001,33.667669989000046],[131.59001712300005,33.68301015800006],[131.52104511700009,33.67637079200006],[131.49855721400002,33.66698519000005],[131.47563704700008,33.631565882000075],[131.41770310800007,33.58168167900004],[131.367620482,33.57480177900004],[131.28383445500003,33.58236918000006],[131.2564638120001,33.60495535200005],[131.10297618100003,33.62425323800005],[131.0644637380001,33.65326569200005],[131.0097762380001,33.746161200000074],[131.0069447090001,33.813087590000066],[130.96168053500003,33.81622955900008],[130.96357418600007,33.83323528200009],[130.99068439000007,33.856827183000064],[130.98460705500008,33.87396048700009],[130.9998293210001,33.87386354000006],[130.99292883500004,33.89766466700007],[131.0186856580001,33.956262097000035],[131.007147594,33.96605493200008],[130.97656724600006,33.957366930000035],[130.94947136400003,33.93819283900007],[130.92603600400003,33.89907461100006],[130.8969832690001,33.88930898600006],[130.88085281300005,33.89593952100006],[130.86142341900006,33.92556771800008],[130.82133888200008,33.92028713700006],[130.82822790400007,33.93958513800004],[130.75604891900002,33.94368111300008],[130.7315048380001,33.931848734000084],[130.6923934250001,33.93732330900008],[130.63306725400003,33.882473049000055],[130.548187696,33.88076406500005],[130.50757897200003,33.84906647300005],[130.48894290500004,33.85537344000005],[130.47217858200008,33.81753164300005],[130.449554884,33.80223216400009],[130.44800866000003,33.789943752000056],[130.4667595950001,33.78035298600008],[130.46767384400005,33.74356360100006],[130.38648522200003,33.67723216400009],[130.3454978970001,33.66247159000005],[130.3241222590001,33.664887418000035],[130.294280577,33.68923940700006],[130.29490003900003,33.66435087500008],[130.34897188800005,33.64113020500008],[130.39869225400003,33.669134833000044],[130.40750100800005,33.650468484000044],[130.39086562400007,33.60487402200005],[130.31530703800001,33.59736182000006],[130.29029381600003,33.574204820000034],[130.26543167800003,33.58857951500005],[130.27192137300005,33.61166814100005],[130.25147545700008,33.60797760600008],[130.2313843830001,33.61884615200006],[130.22715623300007,33.63484353900009],[130.23650149800005,33.644232489000046],[130.208011242,33.66507643700004],[130.1977645190001,33.63361237200007],[130.1595475270001,33.62959605400005],[130.156663622,33.60650551500004],[130.10914147200003,33.58974844000005],[130.09302819100003,33.573431708000044],[130.09693444100003,33.561712958000044],[130.11793053500003,33.55683014500005],[130.1298934250001,33.54002513200004],[130.174164259,33.546861070000034],[130.1679793630001,33.534084377000056],[130.11526180200008,33.50895078600007],[130.05529438300005,33.495225676000075],[130.04021243600005,33.46124909100007],[130.01685631600003,33.44578685100004],[129.97538907600006,33.45414314300007],[129.96264789400004,33.482607278000046],[129.95333126000003,33.47365559600007],[129.9412089010001,33.47953658700004],[129.961273634,33.51276276200008],[129.94214928500003,33.531683661000045],[129.91005948600002,33.54720499900009],[129.8858313830001,33.53584022100006],[129.86878891900005,33.539399950000075],[129.8531871560001,33.55250171100005],[129.8545792440001,33.53285385400005],[129.8368347390001,33.513254121000045],[129.84395138900004,33.48121705400007],[129.87134850400003,33.44293854400007],[129.84888756600003,33.44245026200008],[129.81844004700008,33.48421177600005],[129.804244745,33.48182305800009],[129.7872572230001,33.45451903900005],[129.81639218700002,33.426102031000084],[129.86866295700008,33.39744700700004],[129.86186331800002,33.39004618600006],[129.871025357,33.37817788400008],[129.84629540100002,33.34796460600006],[129.8413281180001,33.315977314000065],[129.8515731130001,33.28001536700009],[129.81983483200008,33.304754950000074],[129.80746504,33.34813060100004],[129.74416374600003,33.364314257000046],[129.70100788500008,33.35300693100004],[129.67687347600008,33.362418888000036],[129.67318468100007,33.39853911700004],[129.64437910200002,33.36237213700008],[129.62061608200008,33.35927969000005],[129.59241527900008,33.381115210000075],[129.58041276000006,33.371007269000074],[129.57146659700004,33.32063960100004],[129.59149849000005,33.283410159000084],[129.56534239400003,33.27206736000005],[129.5521443460001,33.225838734000035],[129.56413821700005,33.21112702000005],[129.652679884,33.19025299700007],[129.6528426440001,33.17015208500004],[129.68702233200008,33.142238674000055],[129.6836043630001,33.13104889500005],[129.66233194300003,33.12651117200005],[129.6665145190001,33.101263739000046],[129.68074700600005,33.11487864500009],[129.7041121750001,33.11180247600004],[129.70976418500004,33.16257034400007],[129.72285634600007,33.15840396900006],[129.7285262380001,33.122300523000035],[129.75867661200004,33.13894149100008],[129.760144857,33.12981531600008],[129.74628823800003,33.12489568800004],[129.74919681100005,33.09813060100004],[129.733225585,33.101632521000056],[129.74647953500005,33.065590119000035],[129.77495184000009,33.05831396000008],[129.79751505900003,33.07730904400006],[129.82235552400005,33.06267999000005],[129.8238593850001,33.043118812000046],[129.881443666,33.062762999000086],[129.9456226420001,33.015757714000074],[129.947601759,32.99506256700005],[129.929725265,32.95764131200008],[129.93122442100002,32.92889427000006],[130.00314754200008,32.845378716000084],[129.98787790900008,32.84171406100006],[129.88320558400005,32.87569270700004],[129.845439553,32.83830848400004],[129.79439983400005,32.874920702000054],[129.80747728000006,32.88594190900005],[129.80379470800005,32.90246010800007],[129.7899352500001,32.91224538900008],[129.78694480600007,32.94780487100007],[129.7956739660001,32.94779418000007],[129.80667695500006,32.91469654700006],[129.82327699500001,32.97953752800004],[129.79695900000002,33.01006172800004],[129.76632809800003,33.01795398200005],[129.74166376900007,32.99103548100004],[129.7386319100001,33.019118252000055],[129.7596653390001,33.047889438000084],[129.75015446500004,33.057039056000065],[129.734711134,33.04661692900004],[129.7201975270001,33.078967687000045],[129.68161222900005,33.094092267000065],[129.65186151400007,33.03355786700007],[129.6535188360001,33.004253288000086],[129.6324026650001,32.97910666700005],[129.638430137,32.92654636300006],[129.66968834700003,32.90497467700004],[129.68702233200008,32.854803778000075],[129.72103494200007,32.82707413800006],[129.7327100450001,32.80557017500007],[129.754508987,32.81848265700006],[129.77100670700008,32.81395091400009],[129.77698788594824,32.8]],[[130.3688256579443,32.8],[130.339419787,32.856579311000075],[130.30728451900006,32.876298975000054],[130.24358790200006,32.875284097000076],[130.1782842890001,32.842494953000084],[130.15363495200006,32.84245733200004],[130.10531660200002,32.87592194200005],[130.18853629400007,32.91532115800004],[130.20378665500004,32.928900458000044],[130.2042577850001,32.95087110800006],[130.219146927,32.95505985900007],[130.22231019900005,32.97520504800008],[130.160492384,33.05410390800006],[130.1275648720001,33.120936620000066],[130.1508895190001,33.11188385600008],[130.21930162,33.15946595200006],[130.24139647700008,33.188234066000064],[130.29044274400007,33.14958862900005],[130.36475670700008,33.140326239000046],[130.3794051440001,33.107855536000045],[130.42066491000003,33.087591864000046],[130.44125410200002,32.92365143400008],[130.47022545700008,32.90973541900007],[130.60333770450214,32.8]]]}},{"type":"Feature","properties":{"layer":"coastline","rank":5.0,"class":"Coastline"},"geometry":{"type":"LineString","coordinates":[[126.40541386500001,36.458835528000066],[126.40479576900009,36.47964101800005],[126.38379967500009,36.48712799700007],[126.40479576900009,36.49331289300005],[126.37940514400009,36.51837799700007],[126.38111412900003,36.53628164300005],[126.36426630900007,36.56697022900005],[126.37354576900009,36.592230536000045],[126.3602436000001,36.609360123000044],[126.34118120200003,36.60413360200005],[126.31481811200001,36.58178686300005],[126.32976321700005,36.53172435100004],[126.32814310100002,36.47108949500006],[126.33864029100005,36.47561102900005],[126.34327233200008,36.46662018400008],[126.35694420700008,36.47964101800005],[126.36378014400009,36.47345612200007],[126.34262129000001,36.438381252000056],[126.35377037900003,36.43406810100004],[126.37761478000004,36.446193752000056],[126.36105280800007,36.42632098100006],[126.36378014400009,36.411363023000035],[126.43213951900009,36.40794505400004],[126.40541386500001,36.458835528000066]]}},{"type":"Feature","properties":{"layer":"coastline","rank":6.0,"class":"Coastline"},"geometry":{"type":"LineString","coordinates":[[126.29525800900001,37.80247630400004],[126.24642988400001,37.811753648000035],[126.22046959700003,37.77130768400008],[126.22445722700002,37.76044342700004],[126.25456790500004,37.76821523600006],[126.31820722700002,37.76227448100008],[126.33594811300009,37.77440013200004],[126.34253991000003,37.79214101800005],[126.33326256600003,37.800441799000055],[126.29525800900001,37.80247630400004]]}},{"type":"Feature","properties":{"layer":"coastline","rank":5.0,"class":"Coastline"},"geometry":{"type":"LineString","coordinates":[[124.92674098600003,39.60478642900006],[124.88047098200002,39.612454772000035],[124.87052236500006,39.580933634000075],[124.85447530500005,39.57375418600009],[124.85658815600004,39.54422793900005],[124.84277262900002,39.53842577900008],[124.85697023600005,39.52789893900007],[124.84981631800008,39.516533791000086],[124.83692719500004,39.52093903000008],[124.81856313900005,39.495444054000075],[124.86166425900001,39.50763580900008],[124.88318229400011,39.52747023900008],[124.93360925600007,39.55054304500004],[124.90967360100001,39.593553532000044],[124.92674098600003,39.60478642900006]]}},{"type":"Feature","properties":{"layer":"coastline","rank":0.0,"class":"Coastline"},"geometry":{"type":"LineString","coordinates":[[132.0,33.91197465833336],[131.97234134200005,33.91681549700007],[131.9419051440001,33.95091380400004],[131.8520613940001,33.99835846600007],[131.83366946700005,33.99469635600008],[131.81226647200003,33.97142161700009],[131.826508009,33.96523672100005],[131.77955162900003,33.96967194200005],[131.77751712300005,33.98574453300006],[131.8227645190001,34.026678778000075],[131.74146569100003,34.05621979400007],[131.63347415500004,34.026678778000075],[131.60621178500003,34.026678778000075],[131.59327233200008,34.03729889500005],[131.58513431100005,34.026678778000075],[131.59742272200003,34.00263092700004],[131.57886803500003,33.98574453300006],[131.56763756600003,33.98627350500004],[131.56226647200003,34.00462474200009],[131.55103600400003,33.99941640800006],[131.51929772200003,34.00849030200004],[131.4829207690001,34.03204987200007],[131.46900475400003,34.026678778000075],[131.47429446700005,34.01398346600007],[131.44117272200003,33.97890859600005],[131.42058353000004,33.99941640800006],[131.40967858200008,33.98305898600006],[131.39332116000003,33.98574453300006],[131.4047957690001,34.017279364000046],[131.38990319100003,34.03974030200004],[131.3325301440001,33.962103583000044],[131.25798587300005,33.92479075700004],[131.24984785200002,33.937933661000045],[131.22584069100003,33.93500397300005],[131.2158309250001,33.95075104400007],[131.1782332690001,33.93048737200007],[131.16026595300002,33.95279605600007],[131.1660262380001,33.97711823100008],[131.12399879100008,33.99993139600008],[131.10316468400003,34.03021689000008],[131.03559480800004,34.04797509500008],[131.01396225400003,34.01476201500009],[130.93208630100003,33.94536528400005],[130.91575345500007,33.913989822000076],[130.8794051440001,33.937933661000045],[130.88022440100008,33.95043178000009],[130.8994246750001,33.94985586100006],[130.90965033600003,33.973651604000054],[130.91713452200008,34.01091306300009],[130.9052840500001,34.02960846600007],[130.91257739700006,34.05334156200007],[130.9039136780001,34.06582577800009],[130.87842858200008,34.06785716400009],[130.86158287900003,34.11273834800005],[130.9111434250001,34.15448639500005],[130.92335045700008,34.18378327000005],[130.89372806100005,34.25604889500005],[130.8715926440001,34.27924225500004],[130.88624108200008,34.300441799000055],[130.89991295700008,34.35504791900007],[130.9419051440001,34.35097890800006],[130.95476321700005,34.36172109600005],[131.03360681000004,34.381789240000046],[131.01788186800002,34.39329681000004],[130.9550887380001,34.40346914300005],[130.9462996750001,34.39240143400008],[130.933929884,34.39598216400009],[130.9477645190001,34.41893138200004],[130.97639607600001,34.438967292000086],[131.0028453540001,34.42594628900008],[131.00114993600005,34.41486237200007],[131.0097762380001,34.41030508000006],[131.0747176440001,34.42475006700005],[131.133922988,34.41156180400009],[131.14079837300005,34.37848541900007],[131.172699415,34.36774323100008],[131.19170165700007,34.39364779300007],[131.17359459700003,34.410223700000074],[131.17131454900004,34.42953460500007],[131.192718946,34.42475006700005],[131.2526317610001,34.437386992000086],[131.28121391700006,34.40795780000008],[131.2295028000001,34.41771067900004],[131.2089949880001,34.36933014500005],[131.23617597700002,34.38231028900009],[131.32309029500004,34.393011809000086],[131.33473090300004,34.41611429100004],[131.41431725400003,34.42397695500006],[131.41331462800008,34.45387373300008],[131.4619246750001,34.499253648000035],[131.45476321700005,34.51911041900007],[131.48267662900003,34.52757396000004],[131.536468946,34.565619208000044],[131.55103600400003,34.58152903900009],[131.55729919400005,34.61485699900004],[131.59587649800005,34.616848049000055],[131.59687157300004,34.659589372000084],[131.6152418900001,34.66488063600008],[131.65641471600009,34.65358629000008],[131.680332196,34.674649043000045],[131.746081807,34.675353457000085],[131.840784385,34.70532851000007],[131.8584090500001,34.714504299000055],[131.87375767000003,34.75922287700007],[131.89633222700002,34.762925523000035],[132.0,34.840439225555286]]}},{"type":"Feature","properties":{"layer":"coastline","rank":0.0,"class":"Coastline"},"geometry":{"type":"LineString","coordinates":[[124.56410801391418,39.8],[124.56600996200007,39.77887604400007],[124.58912194100003,39.76585521000004],[124.58480879000001,39.72357819200005],[124.60946699300007,39.71466705900008],[124.62378991000003,39.69354889500005],[124.64698326900009,39.69757721600007],[124.64509531300007,39.66946608400008],[124.610803014,39.62865050000005],[124.62940514400009,39.61163971600007],[124.62378991000003,39.59796784100007],[124.63745219100008,39.59048344900009],[124.6490628140001,39.61212080700005],[124.69501666400004,39.637539814000036],[124.71641220400011,39.647127675000036],[124.74390709700003,39.64435455900008],[124.72980457000006,39.66529252400005],[124.75304515100004,39.672458745000085],[124.75711508900008,39.687905913000066],[124.74462405300005,39.69135615600004],[124.75473066500001,39.733710028000075],[124.73951256600003,39.76211172100005],[124.74610436300009,39.78294505400004],[124.77064966,39.74181142100008],[124.79916425900001,39.73981354400007],[124.80307050900001,39.730454820000034],[124.84913170700008,39.72150299700007],[124.88160241000003,39.70416901200008],[124.90162194100003,39.66205475500004],[124.93783613400001,39.645819403000075],[124.94727623800009,39.662990627000056],[124.95826256600003,39.66201406500005],[125.04769941500001,39.60419342700004],[125.09750410200002,39.602728583000044],[125.11695397200003,39.56586334800005],[125.17123457100001,39.56386953300006],[125.15756269600001,39.59121328300006],[125.22518964900007,39.59121328300006],[125.21029707100001,39.57306549700007],[125.23707116000003,39.56289297100005],[125.28598066500001,39.521185614000046],[125.44491621200007,39.58437734600005],[125.45028730600006,39.557928778000075],[125.41366621200007,39.538723049000055],[125.39722741000003,39.50177643400008],[125.34603925900001,39.45962148600006],[125.34253991000003,39.43353913000004],[125.38355553500003,39.440334377000056],[125.35702558700007,39.39874909100007],[125.45923912900003,39.38507721600007],[125.42440839900007,39.357123114000046],[125.40463300900001,39.36465078300006],[125.41822350400003,39.35097890800006],[125.41627037900003,39.32025788000004],[125.44491621200007,39.310614325000074],[125.39356530000009,39.245794989000046],[125.41089928500003,39.21381256700005],[125.36508222700002,39.22089264500005],[125.34359785200002,39.212876695000034],[125.32886803500003,39.19330475500004],[125.34351647200003,39.16889069200005],[125.30713951900009,39.16543203300006],[125.28736412900003,39.152329820000034],[125.29444420700008,39.147365627000056],[125.28407024400008,39.089556418000086],[125.33505293100006,39.08344147300005],[125.27080255200008,39.08060612500009],[125.19864306900001,38.986056348000034],[125.20090124600006,38.97526244800008],[125.151966217,38.891528975000085],[125.13721764400009,38.80353424700007],[125.14527391700005,38.777087866000045],[125.17211143100008,38.76322957000008],[125.188119798,38.73860758200004],[125.21655678700006,38.73971680000005],[125.23047936300009,38.771918036000045],[125.22518964900007,38.796087958000044],[125.24097741000003,38.79311758000006],[125.25782311300009,38.771918036000045],[125.25318444100003,38.76251862200007],[125.26685631600003,38.755072333000044],[125.24350019600001,38.72833893400008],[125.27767988400001,38.70331452000005],[125.30836022200003,38.70726146000004],[125.29590905000009,38.72846100500004],[125.30103600400003,38.73456452000005],[125.31454511800007,38.72093333500004],[125.34107506600003,38.71747467700004],[125.35621178500003,38.73456452000005],[125.38924406500007,38.717449085000055],[125.41931328300006,38.72926491900006],[125.43417402400007,38.736761786000045],[125.41089928500003,38.755072333000044],[125.42457116000003,38.755926825000074],[125.44776451900009,38.77724844000005],[125.47909589900007,38.727728583000044],[125.52759850400003,38.72093333500004],[125.58895918100006,38.66632721600007],[125.63062584700003,38.65888092700004],[125.65780683700007,38.63100820500006],[125.61036217500009,38.63108958500004],[125.54517662900003,38.679388739000046],[125.53272545700008,38.65412018400008],[125.52076256600003,38.65265534100007],[125.50709069100003,38.68622467700004],[125.46265709700003,38.70726146000004],[125.44190514400009,38.68622467700004],[125.369108353,38.69476077500008],[125.30103600400003,38.65680573100008],[125.26729528800001,38.67031000600008],[125.20348540400005,38.652553381000075],[125.1797965070001,38.67000248100004],[125.17962270700002,38.63465513600005],[125.15659989900007,38.631726627000035],[125.13755966000008,38.66233230700004],[125.12338300900001,38.66632721600007],[125.11841881600003,38.64516836100006],[125.13721764400009,38.62474192900004],[125.12800864000008,38.58028144200006],[125.10276941300003,38.59352342600005],[125.05824114500001,38.568467928000075],[125.03762506700002,38.59127144900009],[125.01768591000007,38.58352329600007],[124.98394855600009,38.59194167600003],[124.9808656990001,38.58415720100004],[124.99569746200007,38.57404205900008],[124.99683678500003,38.53587474200009],[125.02100670700008,38.514878648000035],[125.01636803500003,38.49795156500005],[124.97266686300009,38.44037506700005],[124.97217858200008,38.462144273000035],[124.94727623800009,38.450506903000075],[124.92798912900003,38.409084377000056],[124.87973066500001,38.34520091400009],[124.87232506600003,38.25763580900008],[124.91504967500009,38.22907135600008],[124.96762129000001,38.23533763200004],[124.99301191500001,38.22695547100005],[124.92090905000009,38.18935781500005],[124.89527428500003,38.22150299700007],[124.87916100400003,38.23065827000005],[124.85596764400009,38.22695547100005],[124.82178795700008,38.18593984600005],[124.77328535200002,38.17597077000005],[124.76514733200008,38.15607330900008],[124.74512780000009,38.14793528900009],[124.67359459700003,38.13719310100004],[124.66724694100003,38.12571849200009],[124.67709394600001,38.11538320500006],[124.79379316500001,38.09780508000006],[124.86548912900003,38.107082424000055],[124.88526451900009,38.13165924700007],[125.01351972700002,38.06240469000005],[125.14063561300009,38.09780508000006],[125.26490319100003,38.07794830900008],[125.27369225400003,38.06240469000005],[125.25318444100003,38.053941148000035],[125.24634850400003,38.02008698100008],[125.22518964900007,38.02142975500004],[125.21322675900001,38.04572174700007],[125.20167076900009,38.04938385600008],[125.10670006600003,38.03461334800005],[125.11532636800007,38.002386786000045],[125.15528405000009,37.97996653900009],[125.17750084700003,37.987941799000055],[125.18490644600001,37.980454820000034],[125.17538496200007,37.969916083000044],[125.13379967500009,37.96002838700008],[125.06202233200008,37.978583075000074],[124.99219811300009,37.95294830900008],[124.97950280000009,37.92523834800005],[125.01351972700002,37.939520575000074],[125.00660241000003,37.91844310100004],[125.01319420700008,37.90599192900004],[125.06210371200007,37.896144924000055],[125.10035241000003,37.875067450000074],[125.17660566500001,37.867621161000045],[125.20850670700008,37.88117096600007],[125.24008222700002,37.92959219000005],[125.26002037900003,37.93268463700008],[125.25709069100003,37.91461823100008],[125.30062910200002,37.89520905200004],[125.30836022200003,37.87807851800005],[125.23951256600003,37.82282135600008],[125.30103600400003,37.82282135600008],[125.30836022200003,37.80914948100008],[125.37728925900001,37.84332916900007],[125.34937584700003,37.86440664300005],[125.39966881600003,37.86546458500004],[125.44491621200007,37.84332916900007],[125.44629967500009,37.86001211100006],[125.42798912900003,37.87449778900009],[125.38355553500003,37.89175039300005],[125.43189537900003,37.89858633000006],[125.42440839900007,37.912176825000074],[125.44564863400001,37.92039622600004],[125.46387780000009,37.90412018400008],[125.51010175900001,37.89427317900004],[125.47909589900007,37.85761139500005],[125.49732506600003,37.83966705900008],[125.52759850400003,37.84332916900007],[125.52418053500003,37.81781647300005],[125.50513756600003,37.81317780200004],[125.45582116000003,37.82282135600008],[125.38990319100003,37.796128648000035],[125.37728925900001,37.78188711100006],[125.44491621200007,37.77440013200004],[125.39039147200003,37.75454336100006],[125.36378014400009,37.76089101800005],[125.33505293100006,37.68626536700009],[125.34750410200002,37.67560455900008],[125.36158287900003,37.68008047100005],[125.38526451900009,37.71637604400007],[125.47461998800009,37.73118724200009],[125.50350996200007,37.77879466400009],[125.52759850400003,37.796128648000035],[125.52051842500009,37.780178127000056],[125.52890058700007,37.77252838700008],[125.54859459700003,37.77130768400008],[125.55160566500001,37.78270091400009],[125.57056725400003,37.787095445000034],[125.58277428500003,37.78188711100006],[125.57520592500009,37.77440013200004],[125.58399498800009,37.76752350500004],[125.62012780000009,37.765326239000046],[125.60922285200002,37.806301174000055],[125.63355553500003,37.80955638200004],[125.64413496200007,37.82282135600008],[125.62305748800009,37.837103583000044],[125.64120527400007,37.85639069200005],[125.62745201900009,37.90216705900008],[125.63062584700003,37.92523834800005],[125.66895592500009,37.89915599200009],[125.68506920700008,37.89858633000006],[125.73975670700008,37.92523834800005],[125.73292076900009,37.93268463700008],[125.69882246200007,37.92523834800005],[125.71933027400007,37.95254140800006],[125.67831464900007,37.95254140800006],[125.68531334700003,37.97211334800005],[125.67538496200007,37.97760651200008],[125.64071699300007,37.97361888200004],[125.59652754000001,37.992254950000074],[125.57821699300007,38.009019273000035],[125.57894941500001,38.02513255400004],[125.59693444100003,38.03221263200004],[125.79932701900009,37.99290599200009],[125.80518639400009,37.95156484600005],[125.83497155000009,37.94354889500005],[125.89551842500009,37.86481354400007],[125.92164147200003,37.84487539300005],[125.95590254000001,37.84031810100004],[125.98617597700002,37.82282135600008],[125.97250410200002,37.874335028000075],[125.94410241000003,37.90192291900007],[125.95948326900009,37.912176825000074],[126.00074303500003,37.88556549700007],[126.01278730600006,37.85431549700007],[126.05575605600006,37.87059153900009],[126.06283613400001,37.80223216400009],[126.08692467500009,37.80036041900007],[126.11036217500009,37.74091217700004],[126.15821373800009,37.73346588700008],[126.16537519600001,37.76825592700004],[126.14771569100003,37.81903717700004],[126.15821373800009,37.82965729400007],[126.19996178500003,37.84422435100004],[126.25953209700003,37.84544505400004],[126.37867272200003,37.88959381700005],[126.39771569100003,37.89175039300005],[126.43661543100006,37.84837474200009],[126.59327233200008,37.77440013200004],[126.65162194100003,37.799261786000045],[126.66700280000009,37.82758209800005],[126.69247480600006,37.837103583000044],[126.69996178500003,37.82965729400007],[126.68490644600001,37.79360586100006],[126.70053144600001,37.74298737200007],[126.67880293100006,37.68626536700009],[126.75521894600001,37.637884833000044],[126.69214928500003,37.652044989000046],[126.66146894600001,37.67243073100008],[126.66684004000001,37.746161200000074],[126.64852949300007,37.76504140800006],[126.60328209700003,37.75454336100006],[126.54818769600001,37.77016836100006],[126.53492272200003,37.76821523600006],[126.53101647200003,37.75470612200007],[126.560514625,37.60735331500007],[126.60379237200004,37.54929667300007],[126.60110577300009,37.50680210400009],[126.60645123400002,37.49681174700004],[126.64416298100002,37.50438517100008],[126.64202197400004,37.49606221200008],[126.60476098200002,37.48569654000005],[126.59501803700005,37.47227345500005],[126.59598521600003,37.43965658900004],[126.63862853900002,37.41379056200009],[126.61508749300003,37.37974492700005],[126.64034014200001,37.36438956600006],[126.66475029200001,37.38916822900006],[126.71716238900001,37.38383877600006],[126.72004509100009,37.37705338200004],[126.68748790400002,37.344027753000034],[126.68979271900002,37.332486420000066],[126.73331008900004,37.30617043500007],[126.85214277400007,37.28620026200008],[126.87069746200007,37.26788971600007],[126.81918379000001,37.27440013200004],[126.79249108200008,37.22345612200007],[126.78199303500003,37.22016022300005],[126.76758873800009,37.23232656500005],[126.76758873800009,37.25429922100005],[126.75220787900003,37.24827708500004],[126.70997155000009,37.261704820000034],[126.67212975400003,37.261704820000034],[126.65845787900003,37.25429922100005],[126.68018639400009,37.217678127000056],[126.71900475400003,37.212876695000034],[126.67066491000003,37.185614325000074],[126.66846764400009,37.161810614000046],[126.70687910200002,37.16486237200007],[126.68604576900009,37.13930898600006],[126.68563886800007,37.130113023000035],[126.70289147200003,37.124701239000046],[126.80233808700007,37.18537018400008],[126.80738366000003,37.165269273000035],[126.82984459700003,37.15867747600004],[126.87069746200007,37.175482489000046],[126.86353600400003,37.15029531500005],[126.77826835000008,37.13280400600007],[126.75285886400002,37.100687967000056],[126.75119053500009,37.07009237300008],[126.75521894600001,37.048814195000034],[126.80128014400009,37.03774648600006],[126.83969160200002,37.04486725500004],[126.84913170700008,37.03729889500005],[126.85865319100003,37.04132721600007],[126.87045332100001,37.09076569200005],[126.87916100400003,37.10000234600005],[126.89047285200002,37.09593333500004],[126.88314863400001,37.069566148000035],[126.91098066500001,37.014105536000045],[126.87069746200007,37.021470445000034],[126.88428795700008,37.007879950000074],[126.82440967100001,37.00261617600006],[126.83790123800009,36.975897528000075],[126.91268964900007,36.92963288000004],[126.96908613400001,36.93203359600005],[126.97632897200003,36.93903229400007],[126.97315514400009,36.969956773000035],[126.98218834700003,36.980169989000046],[127.04200280000009,36.99359772300005],[127.03939863400001,36.98200104400007],[126.99415123800009,36.966864325000074],[127.00717207100001,36.95262278900009],[126.98951256600003,36.91860586100006],[126.94247480600006,36.89337799700007],[126.86019941500001,36.869574286000045],[126.90479576900009,36.822251695000034],[126.86329186300009,36.82908763200004],[126.87159264400009,36.804022528000075],[126.85084069100003,36.753973700000074],[126.82984459700003,36.775091864000046],[126.84913170700008,36.78803131700005],[126.82984459700003,36.83934153900009],[126.83651777400007,36.86692942900004],[126.83017011800007,36.910223700000074],[126.81275475400003,36.91693756700005],[126.78199303500003,36.89118073100008],[126.79769941500001,36.93439362200007],[126.79623457100001,36.95575592700004],[126.75776694600006,36.982219859000054],[126.681544454,36.99470406900008],[126.66504315300006,36.988524572000074],[126.64944896100008,36.96605646100005],[126.64649498800009,36.925116278000075],[126.63111412900003,36.91160716400009],[126.63355553500003,36.93740469000005],[126.62167402400007,36.95978424700007],[126.63609541000005,36.982453124000074],[126.626094867,36.99610446500009],[126.53500410200002,37.049261786000045],[126.50074303500003,37.05499909100007],[126.51225445700004,37.016430340000056],[126.56617272200003,36.99079010600008],[126.57211347700002,36.97748444200005],[126.54004967500009,36.97687409100007],[126.50538170700008,37.00657786700009],[126.49683678500003,37.007798570000034],[126.49341881600003,36.99701569200005],[126.55909264400009,36.94236888200004],[126.58261152400007,36.89801666900007],[126.56836998800009,36.898504950000074],[126.51913496200007,36.94790273600006],[126.48389733200008,36.841498114000046],[126.46591230600006,36.86692942900004],[126.46591230600006,36.91160716400009],[126.47852623800009,36.93585846600007],[126.46859785200002,36.95758698100008],[126.43873131600003,36.94578685100004],[126.43238366000003,36.96198151200008],[126.45289147200003,36.99017975500004],[126.44540449300007,37.00340403900009],[126.39087975400003,37.007879950000074],[126.39144941500001,36.98981354400007],[126.35303795700008,36.999986070000034],[126.33570397200003,36.986761786000045],[126.36939537900003,36.98411692900004],[126.37647545700008,36.97492096600007],[126.36988366000003,36.959418036000045],[126.35067793100006,36.964504299000055],[126.35385175900001,36.95522695500006],[126.37647545700008,36.94159577000005],[126.41138756600003,36.93891022300005],[126.41920006600003,36.922308661000045],[126.40137780000009,36.88141510600008],[126.37728925900001,36.87689850500004],[126.40455162900003,36.85700104400007],[126.37411543100006,36.84955475500004],[126.36532636800007,36.83535390800006],[126.33936608200008,36.85700104400007],[126.32870527400007,36.846991278000075],[126.35670006600003,36.788763739000046],[126.32789147200003,36.80463288000004],[126.29127037900003,36.78925202000005],[126.28272545700008,36.80369700700004],[126.28174889400009,36.81232330900008],[126.30892988400001,36.82908763200004],[126.30152428500003,36.85700104400007],[126.32349694100003,36.883246161000045],[126.30665123800009,36.93146393400008],[126.30892988400001,36.966864325000074],[126.28565514400009,36.96112702000005],[126.27523847700002,36.87474192900004],[126.22999108200008,36.873032945000034],[126.23389733200008,36.90420156500005],[126.19223066500001,36.885931708000044],[126.19076582100001,36.87201569200005],[126.21338951900009,36.85700104400007],[126.19686933700007,36.83567942900004],[126.19874108200008,36.82322825700004],[126.24000084700003,36.816066799000055],[126.22071373800009,36.80174388200004],[126.19223066500001,36.808579820000034],[126.21338951900009,36.781317450000074],[126.18539472700002,36.781317450000074],[126.16561933700007,36.816066799000055],[126.12818444100003,36.76129791900007],[126.13282311300009,36.70384349200009],[126.15015709700003,36.723944403000075],[126.15821373800009,36.76080963700008],[126.20264733200008,36.74241771000004],[126.21338951900009,36.72671133000006],[126.21363366000003,36.71161530200004],[126.20313561300009,36.70587799700007],[126.15699303500003,36.702053127000056],[126.16561933700007,36.678900458000044],[126.17774498800009,36.67324453300006],[126.22925866000003,36.68471914300005],[126.27418053500003,36.71987539300005],[126.28174889400009,36.692572333000044],[126.27295983200008,36.673163153000075],[126.30233808700007,36.634426174000055],[126.28858483200008,36.61001211100006],[126.29525800900001,36.58270905200004],[126.31478925900001,36.601629950000074],[126.34302819100003,36.61001211100006],[126.32618248800009,36.62836334800005],[126.33570397200003,36.64411041900007],[126.32911217500009,36.660589911000045],[126.30152428500003,36.69936758000006],[126.32431074300007,36.699652411000045],[126.34302819100003,36.74038320500006],[126.35914147200003,36.74266185100004],[126.36988366000003,36.73232656500005],[126.36642243100005,36.70697153900005],[126.3779087690001,36.702581756000086],[126.36714982900003,36.62906549500008],[126.42423834400006,36.60658137000007],[126.443907384,36.638081079000074],[126.44563611300009,36.70072162800005],[126.43799889400009,36.716457424000055],[126.47958418100006,36.74713776200008],[126.50074303500003,36.71987539300005],[126.477349172,36.71688812300005],[126.4696868320001,36.70458703700007],[126.474535156,36.687885090000066],[126.49851049800009,36.684273433000044],[126.50803023500009,36.67041328400006],[126.48379869000007,36.64960341400007],[126.51986738400001,36.626166083000044],[126.51231193700005,36.603209348000064],[126.45765695400007,36.595595665000076],[126.47032852100006,36.54019879300006],[126.51392662900003,36.52879466400009],[126.48340905000009,36.49701569200005],[126.49765058700007,36.44839101800005],[126.50757897200003,36.438666083000044],[126.52344811300009,36.441107489000046],[126.55909264400009,36.47345612200007],[126.61744225400003,36.47345612200007],[126.55677759000002,36.45582983400004],[126.53753659200004,36.433220901000084],[126.49877937600002,36.420105859000046],[126.51376386800007,36.397691148000035],[126.50074303500003,36.39093659100007],[126.52059980600006,36.37360260600008],[126.57618248800009,36.36627838700008],[126.58261152400007,36.35301341400009],[126.51376386800007,36.32265859600005],[126.58261152400007,36.29466380400004],[126.56796308700007,36.286810614000046],[126.53492272200003,36.219631252000056],[126.54859459700003,36.205959377000056],[126.58008873800009,36.19936758000006],[126.60328209700003,36.17182038000004],[126.56134123800007,36.18158844000004],[126.531356813,36.17393972800005],[126.49740117200008,36.16001868200004],[126.49341881600003,36.13080475500004],[126.50025475400003,36.12571849200009],[126.50964758000009,36.15102477900007],[126.52917225600004,36.153514132000055],[126.55176768800004,36.14182264700008],[126.55228153900009,36.13080877800007],[126.57186865200003,36.13697874200005],[126.58944746200007,36.13080475500004],[126.61232836700003,36.09899244200005],[126.64503014400009,36.08470286700009],[126.63111412900003,36.07558828300006],[126.67725670700008,36.005926825000074],[126.69247480600006,35.99990469000005],[126.75440514400009,36.01772695500006],[126.79151451900009,36.042181708000044],[126.87069746200007,36.06195709800005],[126.86890709700003,36.04751211100006],[126.84913170700008,36.036037502000056],[126.74447675900001,35.989569403000075],[126.5214167360001,35.97052000300005],[126.52573565800003,35.940358909000054],[126.56973974000005,35.94595198400009],[126.60880930300004,35.931126764000055],[126.61228893200007,35.89022422000005],[126.73316491000003,35.88556549700007],[126.80982506600003,35.91168854400007],[126.83749433700007,35.89329661700009],[126.81934655000009,35.88812897300005],[126.79712975400003,35.86286041900007],[126.72909589900007,35.86497630400004],[126.70337975400003,35.84845612200007],[126.70069420700008,35.839829820000034],[126.79102623800009,35.791449286000045],[126.78199303500003,35.76023997600004],[126.77133222700002,35.77521393400008],[126.73312722800006,35.792415051000035],[126.66215366800009,35.79299834500006],[126.62938900800009,35.77548057900009],[126.62513225000009,35.745625835000055],[126.5971677010001,35.713890194000044],[126.53033472200002,35.68316430500005],[126.46755899100003,35.63963844700004],[126.46373599600008,35.60197285700008],[126.51315778100002,35.57689651800007],[126.65503991000003,35.595770575000074],[126.67017662900003,35.58869049700007],[126.69247480600006,35.534369208000044],[126.64288939900007,35.57277499300005],[126.62297749100003,35.56861206000008],[126.59423270100001,35.54248771200008],[126.492663279,35.525333007000086],[126.46981423500006,35.49852640700004],[126.41822350400003,35.39402903900009],[126.45850670700008,35.34544505400004],[126.43189537900003,35.34935130400004],[126.41138756600003,35.36985911700009],[126.38070722700002,35.32709381700005],[126.38038170700008,35.28416575700004],[126.35670006600003,35.25999583500004],[126.37728925900001,35.25259023600006],[126.32007897200003,35.244574286000045],[126.30892988400001,35.233303127000056],[126.36353600400003,35.239488023000035],[126.36158287900003,35.22565338700008],[126.37728925900001,35.21161530200004],[126.36353600400003,35.18797435100004],[126.37110436300009,35.173529364000046],[126.40390058700007,35.14215729400007],[126.41415449300007,35.11969635600008],[126.45240319100003,35.10028717700004],[126.45028730600006,35.06659577000005],[126.42505944100003,35.01976146000004],[126.40723717500009,35.03896719000005],[126.41138756600003,35.06134674700007],[126.36532636800007,35.07404205900008],[126.35670006600003,35.096136786000045],[126.34498131600003,35.09642161700009],[126.35141035200002,35.135972398000035],[126.34302819100003,35.15696849200009],[126.32789147200003,35.12262604400007],[126.31519616000003,35.11595286700009],[126.30722089900007,35.13178131700005],[126.28907311300009,35.13939036700009],[126.26864668100006,35.137152411000045],[126.25424238400001,35.12343984600005],[126.25782311300009,35.10683828300006],[126.28353925900001,35.07884349200009],[126.27418053500003,35.06818268400008],[126.28834069100003,35.05296458500004],[126.30250084700003,35.05337148600006],[126.30941816500001,35.06622955900008],[126.30152428500003,35.08869049700007],[126.32064863400001,35.083319403000075],[126.36670983200008,35.03778717700004],[126.37411543100006,35.016831773000035],[126.34620201900009,34.99408600500004],[126.34921308700007,34.97260163000004],[126.30152428500003,34.97260163000004],[126.32886803500003,34.94472890800006],[126.31519616000003,34.93789297100005],[126.36329186300009,34.927435614000046],[126.37728925900001,34.93789297100005],[126.37061608200008,34.96849192900004],[126.39999433700007,34.98456452000005],[126.43637129000001,34.98139069200005],[126.39771569100003,34.95148346600007],[126.40170332100001,34.91547272300005],[126.42505944100003,34.890692450000074],[126.40870201900009,34.87396881700005],[126.40512129000001,34.837225653000075],[126.37012780000009,34.80133698100008],[126.37354576900009,34.790716864000046],[126.41931790800004,34.79198817900004],[126.42945397200003,34.80560944200005],[126.45606530000009,34.80072663000004],[126.48715254000001,34.813788153000075],[126.50074303500003,34.80809153900009],[126.48715254000001,34.78705475500004],[126.51327558700007,34.78229401200008],[126.54859459700003,34.84906647300005],[126.54175866000003,34.883246161000045],[126.56763756600003,34.90143463700008],[126.58139082100001,34.89801666900007],[126.58944746200007,34.883246161000045],[126.57577558700007,34.85529205900008],[126.57577558700007,34.82176341400009],[126.65040123800009,34.82217031500005],[126.66529381600003,34.80809153900009],[126.63111412900003,34.80072663000004],[126.63819420700008,34.78803131700005],[126.56893964900007,34.80072663000004],[126.54444420700008,34.79572174700007],[126.53248131600003,34.782863674000055],[126.53492272200003,34.74603913000004],[126.50586998800009,34.75104401200008],[126.46014859900004,34.77875539200005],[126.422127907,34.764783571000066],[126.39232840700004,34.76860745200008],[126.36401690800005,34.74916010800007],[126.36705994600004,34.73966441200008],[126.3901786020001,34.733397455000045],[126.41537519600001,34.73899974200009],[126.43576744100005,34.72810539400007],[126.50839277400007,34.71849192900004],[126.56275475400003,34.67096588700008],[126.55543053500003,34.66351959800005],[126.60254967500009,34.632879950000074],[126.62362714900007,34.62995026200008],[126.6027010030001,34.62553248100005],[126.51911134500006,34.65036980700006],[126.54004967500009,34.62759023600006],[126.53571133000003,34.62317762500004],[126.45289147200003,34.67096588700008],[126.4478811570001,34.705878563000056],[126.37861288900001,34.711182163000046],[126.3861337410001,34.63583540500008],[126.41610761800007,34.65273672100005],[126.41256654200004,34.62976606800004],[126.4349971470001,34.60678590300006],[126.47274824300007,34.60203685100004],[126.46461022200003,34.58466217700004],[126.45313561300009,34.58380768400008],[126.43189537900003,34.59589264500005],[126.38233483200008,34.602728583000044],[126.36988366000003,34.60887278900009],[126.34595787900003,34.667669989000046],[126.35670006600003,34.69822825700004],[126.31959069100003,34.747748114000046],[126.30591881600003,34.75287506700005],[126.29029381600003,34.75023021000004],[126.26937910200002,34.67129140800006],[126.27108808700007,34.64248281500005],[126.31861412900003,34.619126695000034],[126.32276451900009,34.60887278900009],[126.30152428500003,34.60887278900009],[126.29184004000001,34.59910716400009],[126.29525800900001,34.589056708000044],[126.32496178500003,34.569647528000075],[126.34603925900001,34.58462148600006],[126.38900800900001,34.549709377000056],[126.39087975400003,34.53384023600006],[126.46591230600006,34.540676174000055],[126.47958418100006,34.56110260600008],[126.50757897200003,34.55426666900007],[126.52743574300007,34.56854889500005],[126.53964277400007,34.56297435100004],[126.51376386800007,34.53384023600006],[126.54175866000003,34.513332424000055],[126.49024498800009,34.50861237200007],[126.47030683700007,34.49648672100005],[126.46591230600006,34.472357489000046],[126.48194420700008,34.47675202000005],[126.48373457100001,34.47016022300005],[126.47584069100003,34.433254299000055],[126.50879967500009,34.42723216400009],[126.51758873800009,34.413763739000046],[126.50074303500003,34.38231028900009],[126.48853600400003,34.380560614000046],[126.47958418100006,34.348822333000044],[126.52743574300007,34.34137604400007],[126.51986738400001,34.305975653000075],[126.52125084700003,34.294175523000035],[126.53280683700007,34.292222398000035],[126.57886803500003,34.304754950000074],[126.60328209700003,34.300441799000055],[126.63363691500001,34.395697333000044],[126.68222089900007,34.41400788000004],[126.69019616000003,34.43593984600005],[126.72689863400001,34.43301015800006],[126.72706139400009,34.44277578300006],[126.70875084700003,34.44989655200004],[126.76148522200003,34.47919342700004],[126.73511803500003,34.514878648000035],[126.76596113400001,34.52338288000004],[126.75521894600001,34.55768463700008],[126.77784264400009,34.58649323100008],[126.80005944100003,34.582017320000034],[126.80665123800009,34.56854889500005],[126.80201256600003,34.470404364000046],[126.80982506600003,34.451239325000074],[126.89795983200008,34.41771067900004],[126.89600670700008,34.44993724200009],[126.90479576900009,34.458685614000046],[126.93140709700003,34.447699286000045],[126.94076582100001,34.45457591400009],[126.93897545700008,34.49591705900008],[126.99415123800009,34.540676174000055],[126.98666425900001,34.55369700700004],[127.00717207100001,34.58152903900009],[127.01026451900009,34.612494208000044],[127.09913170700008,34.65448639500005],[127.13624108200008,34.68805573100008],[127.19971764400009,34.691473700000074],[127.24805748800009,34.76654694200005],[127.29078209700003,34.72138092700004],[127.33155358200008,34.74115631700005],[127.35792076900009,34.69822825700004],[127.32992597700002,34.656683661000045],[127.31446373800009,34.65192291900007],[127.29444420700008,34.664129950000074],[127.29200280000009,34.694525458000044],[127.27475019600001,34.705145575000074],[127.24057050900001,34.67096588700008],[127.26099694100003,34.62995026200008],[127.26132246200007,34.60040924700007],[127.24667402400007,34.58372630400004],[127.19288170700008,34.57477448100008],[127.21338951900009,34.63686758000006],[127.19166100400003,34.62360260600008],[127.15902754000001,34.58002350500004],[127.12964928500003,34.56391022300005],[127.12452233200008,34.540676174000055],[127.13379967500009,34.52631256700005],[127.17920983200008,34.513332424000055],[127.17237389400009,34.52757396000004],[127.22348066500001,34.54682038000004],[127.315925504,34.44490102000009],[127.34359785200002,34.445013739000046],[127.32780172800005,34.47392946100007],[127.35661839400007,34.49196473000006],[127.37494096800003,34.485036569000044],[127.43921959700003,34.540676174000055],[127.41841862600006,34.55528036900006],[127.3804082690001,34.54710467500007],[127.35792076900009,34.55426666900007],[127.34359785200002,34.578192450000074],[127.34937584700003,34.58584219000005],[127.39210045700008,34.60203685100004],[127.45224043100006,34.57477448100008],[127.48414147200003,34.57656484600005],[127.50358985000003,34.59132477300005],[127.49520918100006,34.62323639500005],[127.45224043100006,34.63686758000006],[127.48755944100003,34.63686758000006],[127.46615644600001,34.662176825000074],[127.40601647200003,34.70001862200007],[127.39210045700008,34.73981354400007],[127.40235436300009,34.74713776200008],[127.39527428500003,34.75665924700007],[127.35792076900009,34.75971100500004],[127.36158287900003,34.77334219000005],[127.42554772200003,34.80072663000004],[127.36532636800007,34.82404205900008],[127.48389733200008,34.839544989000046],[127.51661217500009,34.89109935100004],[127.52808678500003,34.87982819200005],[127.52182050900001,34.859035549000055],[127.53956139400009,34.82306549700007],[127.53541100400003,34.80809153900009],[127.55591881600003,34.80072663000004],[127.58448326900009,34.74624258000006],[127.55591881600003,34.68455638200004],[127.56080162900003,34.662176825000074],[127.57227623800009,34.64740631700005],[127.61402428500003,34.63686758000006],[127.64071699300007,34.61798737200007],[127.63795006600003,34.67096588700008],[127.62427819100003,34.69822825700004],[127.63795006600003,34.69822825700004],[127.65626061300009,34.73126862200007],[127.70639082100001,34.71588776200008],[127.74154707100001,34.72557200700004],[127.77564537900003,34.84906647300005],[127.75684655000009,34.84080638200004],[127.69996178500003,34.84227122600004],[127.65650475400003,34.81191640800006],[127.60116621200007,34.856350002000056],[127.57528730600006,34.91364166900007],[127.59156334700003,34.94643789300005],[127.60718834700003,34.94131094000005],[127.64112389400009,34.89911530200004],[127.66211998800009,34.90680573100008],[127.70923912900003,34.94041575700004],[127.72046959700003,34.96515534100007],[127.71924889400009,34.99005768400008],[127.74439537900003,34.960191148000035],[127.79843183700007,34.958644924000055],[127.83033287900003,34.94472890800006],[127.89120527400007,34.94668203300006],[127.91211998800009,34.96206289300005],[127.92579186300009,35.01976146000004],[127.95386803500003,34.97882721600007],[127.97974694100003,34.992254950000074],[128.0068465500001,34.99176666900007],[128.01929772200003,34.99868398600006],[128.0009871750001,35.034084377000056],[128.02499433700007,35.03579336100006],[128.0693465500001,35.082464911000045],[128.054047071,35.03583405200004],[128.0556746750001,34.931626695000034],[128.1176863940001,34.92422109600005],[128.1211043630001,34.90029531500005],[128.13941491000003,34.891913153000075],[128.2070418630001,34.890692450000074],[128.20858808700007,34.92084381700005],[128.22413170700008,34.93789297100005],[128.25790449300007,34.93016185100004],[128.27906334700003,34.90680573100008],[128.30225670700008,34.90802643400008],[128.33505293100006,34.947333075000074],[128.357758009,34.90989817900004],[128.32447350400003,34.89728424700007],[128.326508009,34.88906484600005],[128.35377037900003,34.868475653000075],[128.41586347700002,34.86273834800005],[128.38339652600007,34.85458744400006],[128.38288272,34.839289670000085],[128.41292953100003,34.837635083000066],[128.43531334700003,34.84316640800006],[128.47445722700002,34.890692450000074],[128.4609481130001,34.90371328300006],[128.45093834700003,34.88589101800005],[128.432953321,34.890692450000074],[128.4414168630001,34.95994700700004],[128.42001386800007,34.98273346600007],[128.4267684250001,34.99249909100007],[128.47877037900003,34.99005768400008],[128.49960371200007,35.00922272300005],[128.48812910200002,35.05117422100005],[128.371429884,35.00678131700005],[128.3891707690001,35.04901764500005],[128.481293165,35.07501862200007],[128.469086134,35.095404364000046],[128.51124108200008,35.10423411700009],[128.58033287900003,35.087876695000034],[128.60360761800007,35.056626695000034],[128.65211022200003,35.06134674700007],[128.62476647200003,35.06818268400008],[128.62704511800007,35.09076569200005],[128.60181725400003,35.12124258000006],[128.57789147200003,35.17865631700005],[128.6020613940001,35.21393463700008],[128.61793053500003,35.184881903000075],[128.61793053500003,35.14325592700004],[128.638031446,35.14984772300005],[128.67994225400003,35.11595286700009],[128.680511915,35.13141510600008],[128.6962996750001,35.14350006700005],[128.70045006600003,35.096136786000045],[128.72779381600003,35.104722398000035],[128.73868948900008,35.08798762200007],[128.7619708850001,35.07939238800009],[128.771988319,35.08331323900006],[128.78107691500009,35.11106214600005],[128.791555442,35.08295320800005],[128.8821860700001,35.08148477700007],[128.89792560800004,35.12130533000004],[128.90458592900006,35.120509920000075],[128.90459292600008,35.08109865000006],[128.91841959300007,35.08188205300007],[128.95800991400006,35.13689688300008],[128.95036040000002,35.07291301300006],[128.96512461700001,35.04364879600007],[128.98511156000006,35.05428378000005],[129.0004015300001,35.04595001800004],[128.99702610500003,35.075728095000045],[129.01375367600008,35.05530728900004],[129.021861854,35.05998310700005],[129.03762722700003,35.09783422800007],[129.06384042000002,35.120847092000076],[129.101078185,35.09227615300006],[129.12347008100005,35.10084547300005],[129.12025714900005,35.149616723000065],[129.1943465500001,35.155503648000035],[129.22847902700005,35.20053055300008],[129.25570722700002,35.246975002000056],[129.24973457400006,35.266227746000084],[129.26920554700007,35.31676652800007],[129.29271986900005,35.316049089000046],[129.32051321000006,35.33854547200008],[129.36044355600006,35.353583075000074],[129.3618139900001,35.367171831000064],[129.34678727000005,35.38227253800005],[129.3645813290001,35.40687005700005],[129.357758009,35.45180898600006],[129.38746178500003,35.46230703300006],[129.39185631600003,35.47573476800005],[129.387054884,35.50226471600007],[129.3652449880001,35.51325104400007],[129.3735457690001,35.53278229400007],[129.38746178500003,35.52985260600008],[129.4004012380001,35.51264069200005],[129.41285241000003,35.47207265800006],[129.45460045700008,35.51325104400007],[129.46727514100007,35.599667569000076],[129.44305339200002,35.63609001100008],[129.49765058700007,35.74787018400008],[129.49621649900007,35.78507393500007],[129.52213431000007,35.84455221300004],[129.53558955300002,35.93903563200007],[129.587250196,36.016913153000075],[129.5712996750001,36.07184479400007],[129.554794958,36.082477915000084],[129.45333141000003,35.99328736800004],[129.43305147500007,35.99610773200004],[129.38085871700002,36.041486844000076],[129.38178266800003,36.05517462200004],[129.41871178500003,36.07298411700009],[129.430511915,36.09739817900004],[129.41708418100006,36.10757070500006],[129.40390058700007,36.167629299000055],[129.38233483200008,36.20184967700004],[129.38656660200002,36.322699286000045],[129.39185631600003,36.34247467700004],[129.43482506600003,36.38959381700005],[129.44092858200008,36.40794505400004],[129.44711347700002,36.49331289300005],[129.42261803500003,36.61664459800005],[129.46347089900007,36.69245026200008],[129.47388756600003,36.73061758000006],[129.4712020190001,36.77187734600005],[129.4287215500001,36.89740631700005],[129.41268964900007,37.01805247600004],[129.4340926440001,37.06110260600008],[129.3789168630001,37.130113023000035],[129.3310653000001,37.28217194200005],[129.28280683700007,37.32444896000004],[129.26278730600006,37.37091705900008],[129.1899520190001,37.46938711100006],[129.14820397200003,37.505113023000035],[129.108734571,37.59739817900004],[129.07333418100006,37.61302317900004],[129.06421959700003,37.67885976800005],[128.9238387380001,37.80231354400007],[128.63160241000003,38.144964911000045],[128.56275475400003,38.28896719000005],[128.47445722700002,38.42609284100007],[128.4414168630001,38.50580475500004],[128.364593946,38.62474192900004],[128.35962975400003,38.67865631700005],[128.3476668630001,38.69672272300005],[128.31324303500003,38.717230536000045],[128.28280683700007,38.755072333000044],[128.21021569100003,38.727728583000044],[128.091156446,38.843736070000034],[128.0146590500001,38.85814036700009],[127.96176191500001,38.91791413000004],[127.92628014400009,38.934475002000056],[127.91431725400003,38.964178778000075],[127.88868248800009,38.961371161000045],[127.75928795700008,39.11701080900008],[127.67562910200002,39.11815013200004],[127.60694420700008,39.152044989000046],[127.53174889400009,39.146144924000055],[127.51172936300009,39.15643952000005],[127.49130293100006,39.19489166900007],[127.47339928500003,39.19330475500004],[127.47193444100003,39.16828034100007],[127.45224043100006,39.16596100500004],[127.39340254000001,39.20172760600008],[127.3720298830001,39.24042604300007],[127.39828535200002,39.32367584800005],[127.39193769600001,39.341864325000074],[127.40829511800007,39.34324778900009],[127.42554772200003,39.33047109600005],[127.47339928500003,39.34756094000005],[127.46753991000003,39.36383698100008],[127.45386803500003,39.36798737200007],[127.42554772200003,39.357123114000046],[127.37842858200008,39.37148672100005],[127.37842858200008,39.37885163000004],[127.42554772200003,39.39252350500004],[127.48292076900009,39.43699778900009],[127.49512780000009,39.43341705900008],[127.54224694100003,39.37148672100005],[127.52182050900001,39.31622955900008],[127.54346764400009,39.301947333000044],[127.56210371200007,39.31622955900008],[127.56299889400009,39.343736070000034],[127.52043931200001,39.51046513300008],[127.53676992700002,39.552012464000086],[127.57455488400001,39.595038153000075],[127.57032311300009,39.61786530200004],[127.55274498800009,39.636786200000074],[127.51221764400009,39.64948151200008],[127.50131269600001,39.70722077000005],[127.52084394600001,39.746975002000056],[127.54940839900007,39.761053778000075],[127.58237297046996,39.8]]}},{"type":"Feature","properties":{"layer":"coastline","rank":5.0,"class":"Coastline"},"geometry":{"type":"LineString","coordinates":[[129.097992384,32.988267320000034],[129.1027123340001,33.05449343500004],[129.12391110500005,33.109172923000074],[129.1085937680001,33.12241788400007],[129.11766686500005,33.15885922700005],[129.1081802980001,33.16668808900005],[129.09626241,33.12537451900005],[129.106619099,33.101188154000056],[129.10172462800006,33.08297300600009],[129.085875278,33.07620750500007],[129.0839949880001,33.02338288000004],[129.067645125,33.01911582900004],[129.06521060500006,33.04395398200006],[129.04862219400002,33.039602796000054],[129.04258414900005,33.00015967200005],[129.05445397200003,32.97931549700007],[129.03503841200006,32.967404474000034],[129.02042041900006,32.980624687000045],[128.98146031200008,32.960351967000065],[128.97942307000005,32.94760914500006],[129.03305097700002,32.93333567900004],[129.0478195170001,32.909964614000046],[129.04041432000008,32.862728196000035],[129.04572282800007,32.822092732000044],[129.0649520190001,32.81781647300005],[129.0679197190001,32.86118283400009],[129.0965722520001,32.85694237600006],[129.09055078000006,32.89147978700004],[129.10035241000003,32.91901276200008],[129.17595462300005,32.96698639500005],[129.18280727800004,32.984685539000054],[129.1696282160001,33.005816536000054],[129.109711134,32.98289622600004],[129.097992384,32.988267320000034]]}},{"type":"Feature","properties":{"layer":"coastline","rank":5.0,"class":"Coastline"},"geometry":{"type":"LineString","coordinates":[[129.5556842000001,33.41080491100007],[129.52532080700007,33.40492725000007],[129.52345591900007,33.39056654500007],[129.5393097000001,33.37948754900009],[129.52291622400003,33.36837711800007],[129.5083096620001,33.38209177600004],[129.49512950000008,33.35829457300008],[129.442662691,33.34806608900004],[129.43726510800002,33.296679880000056],[129.40641102400002,33.27495079100004],[129.41676916100005,33.23692960500006],[129.39396140600002,33.23952590600004],[129.3776568840001,33.21463952800008],[129.40650475400003,33.19403717700004],[129.384781986,33.183493173000045],[129.3498690240001,33.21346751500005],[129.342500664,33.179620180000086],[129.37602131000006,33.16971922700009],[129.41259095300006,33.17831786000005],[129.44660473600004,33.19851960500006],[129.49309512600007,33.245163286000036],[129.501148101,33.28003244000007],[129.5383170030001,33.31559461200004],[129.52752846200008,33.32347747300008],[129.56216330100006,33.366393867000056],[129.5556842000001,33.41080491100007]]}},{"type":"Feature","properties":{"layer":"coastline","rank":3.0,"class":"Coastline"},"geometry":{"type":"LineString","coordinates":[[126.94605553500003,33.47801341400009],[126.93238366000003,33.464911200000074],[126.89820397200003,33.51898834800005],[126.84994550900001,33.53497955900008],[126.82336637100002,33.55943982600007],[126.79236033000007,33.56379690500006],[126.64879765800003,33.553426278000074],[126.58243391300005,33.52928356800004],[126.4849345880001,33.52075755100009],[126.45938010300006,33.50238055700004],[126.31056732700006,33.46447646100006],[126.29794924800001,33.441714895000075],[126.27066067500004,33.435873541000035],[126.24097741000003,33.39276764500005],[126.19581139400009,33.36668528900009],[126.16114342500009,33.300767320000034],[126.17139733200008,33.26935455900008],[126.20082394300005,33.24355202400005],[126.23115058600001,33.23492299600008],[126.25391686300009,33.20404694200005],[126.27003014400009,33.19757721600007],[126.28614342500009,33.200384833000044],[126.30379021400006,33.22655937400009],[126.33342729600008,33.238169044000074],[126.42845775900003,33.23930930200004],[126.47056220500008,33.228713895000055],[126.60691886200004,33.24061045800005],[126.64072332900002,33.26466618400008],[126.74179256500008,33.28020847200008],[126.78014100500002,33.30555029000004],[126.84058678500003,33.310207424000055],[126.8735300400001,33.37304551400007],[126.93921959700003,33.430853583000044],[126.93238366000003,33.45132070500006],[126.95362389400009,33.46503327000005],[126.94605553500003,33.47801341400009]]}},{"type":"Feature","properties":{"layer":"coastline","rank":5.0,"class":"Coastline"},"geometry":{"type":"LineString","coordinates":[[129.7763778000001,33.773423570000034],[129.7968856130001,33.786444403000075],[129.76678701100002,33.80209537200005],[129.76726321700005,33.84454987200007],[129.68864750300008,33.871145815000034],[129.67314449900005,33.832217928000034],[129.678401807,33.81493097400005],[129.6569338810001,33.81545368900004],[129.6602833510001,33.783591931000046],[129.68702233200008,33.75918203300006],[129.64665808300003,33.77277290600006],[129.657126909,33.74255478300006],[129.67076324700008,33.75013909300009],[129.68116070200006,33.744217528000036],[129.67729361500005,33.72909541000007],[129.721039259,33.69773997600004],[129.73506403500005,33.73673856400006],[129.78386478000004,33.73818594000005],[129.79965254,33.75104401200008],[129.79957116000003,33.764837958000044],[129.7763778000001,33.773423570000034]]}},{"type":"Feature","properties":{"layer":"coastline","rank":3.0,"class":"Coastline"},"geometry":{"type":"LineString","coordinates":[[129.31252838900002,34.27975637600008],[129.30143578800005,34.28809728200008],[129.30246202400008,34.30778735000007],[129.28019698700007,34.32287172800005],[129.26892495000004,34.32246424500005],[129.27528831000006,34.30759681400008],[129.22405260200003,34.29344308800006],[129.22846143900006,34.32078103500004],[129.207360827,34.32927727400005],[129.19853454100007,34.316228084000045],[129.18925958300008,34.234227385000054],[129.18049970800007,34.227217013000086],[129.17163425900003,34.10680681200006],[129.19030802600003,34.11481074200009],[129.220421471,34.08887792300004],[129.2482968390001,34.09992685800006],[129.27658744000007,34.12911120600006],[129.28373507900005,34.15750473300005],[129.29721196100002,34.170476062000034],[129.29746398300006,34.21865848400006],[129.32480321700007,34.22925262400008],[129.31807550400003,34.25834963300008],[129.34710276200008,34.28697774700004],[129.31678390000002,34.294468719000065],[129.31252838900002,34.27975637600008]]}},{"type":"Feature","properties":{"layer":"coastline","rank":6.0,"class":"Coastline"},"geometry":{"type":"LineString","coordinates":[[127.17302493600005,34.483710028000075],[127.11052493600005,34.464911200000074],[127.12378991000003,34.45522695500006],[127.11736087300005,34.437567450000074],[127.16895592500009,34.41771067900004],[127.22868899800005,34.43024323100008],[127.24187259200005,34.44546133000006],[127.24512780000009,34.464056708000044],[127.23422285200002,34.48029205900008],[127.17302493600005,34.483710028000075]]}},{"type":"Feature","properties":{"layer":"coastline","rank":3.0,"class":"Coastline"},"geometry":{"type":"LineString","coordinates":[[126.38005618600005,34.49843984600005],[126.34945722700002,34.54682038000004],[126.32227623800009,34.53384023600006],[126.28044681100005,34.56830475500004],[126.24773196700005,34.57477448100008],[126.24105879000001,34.566473700000074],[126.27442467500009,34.53725820500006],[126.26832116000003,34.52204010600008],[126.23829186300009,34.515692450000074],[126.22657311300009,34.52757396000004],[126.22380618600005,34.51341380400004],[126.18702233200008,34.494208075000074],[126.17212975400003,34.464911200000074],[126.14421634200005,34.46320221600007],[126.11573326900009,34.43618398600006],[126.10328209700003,34.402777411000045],[126.12427819100003,34.38231028900009],[126.12427819100003,34.40346914300005],[126.15308678500003,34.38849518400008],[126.15845787900003,34.38231028900009],[126.14478600400003,34.35504791900007],[126.20997155000009,34.35879140800006],[126.30518639400009,34.401678778000075],[126.30925540500004,34.42397695500006],[126.33594811300009,34.40346914300005],[126.34587649800005,34.40900299700007],[126.37354576900009,34.454413153000075],[126.38005618600005,34.49843984600005]]}},{"type":"Feature","properties":{"layer":"coastline","rank":3.0,"class":"Coastline"},"geometry":{"type":"LineString","coordinates":[[129.45264733200008,34.61945221600007],[129.480912804,34.619909575000065],[129.4882777150001,34.63567767100005],[129.4878018280001,34.64600565000006],[129.46911995900007,34.652558845000044],[129.4877511300001,34.676396890000035],[129.46456058500007,34.70080530600006],[129.42330488100004,34.69507089000007],[129.41822846900004,34.68539200500004],[129.42574516500008,34.67780118600007],[129.4096619940001,34.67517282600005],[129.37833743400006,34.644851764000066],[129.32330009600003,34.64807215700006],[129.303359203,34.58687697000005],[129.28910691400006,34.56986674800004],[129.29094474300007,34.55607171200006],[129.30845618800004,34.56038743000005],[129.3261191900001,34.53543877000004],[129.3049307670001,34.520287272000076],[129.276044124,34.46218849400009],[129.28073429900007,34.45064666500008],[129.30889545800005,34.466841042000055],[129.31086745200002,34.46051106800007],[129.29168986600007,34.44075623400005],[129.26856862500006,34.43305128800006],[129.272349114,34.375696607000066],[129.23538380000002,34.368132348000074],[129.22891302300002,34.35560142600008],[129.27199211700008,34.35621928200004],[129.286358737,34.34400826400008],[129.2933984880001,34.34907806600006],[129.2874439520001,34.36576828200009],[129.309322243,34.384401910000065],[129.3051037470001,34.34320609200006],[129.31620389800003,34.34249649600008],[129.3345957140001,34.36059135700009],[129.3470027080001,34.35585198900009],[129.34506369500002,34.32724397800007],[129.32090476000008,34.333849042000054],[129.30546399500008,34.32487545400005],[129.324511883,34.304593338000075],[129.34383322200006,34.30031431500004],[129.368241614,34.30743171200004],[129.400755935,34.337924254000086],[129.4079686450001,34.351579901000036],[129.38814520100004,34.36675509200006],[129.38431153200008,34.38341631900005],[129.39318101000003,34.41080021800008],[129.35946395400003,34.39062150700005],[129.3618308670001,34.405485748000046],[129.38428795700008,34.42401764500005],[129.379472781,34.452622973000075],[129.4460831890001,34.51477564000004],[129.464241065,34.55427396300007],[129.47820071700005,34.59711334800005],[129.45264733200008,34.61945221600007]]}},{"type":"Feature","properties":{"layer":"coastline","rank":5.0,"class":"Coastline"},"geometry":{"type":"LineString","coordinates":[[127.78207441500001,34.68455638200004],[127.79420006600003,34.693793036000045],[127.79664147200003,34.714178778000075],[127.76254316500001,34.71283600500004],[127.77588951900009,34.691473700000074],[127.76832116000003,34.666083075000074],[127.74187259200005,34.64362213700008],[127.73585045700008,34.62523021000004],[127.77540123800009,34.583970445000034],[127.79786217500009,34.579738674000055],[127.81511478000004,34.60195547100005],[127.81723066500001,34.63076406500005],[127.80160566500001,34.67047760600008],[127.78207441500001,34.68455638200004]]}},{"type":"Feature","properties":{"layer":"coastline","rank":6.0,"class":"Coastline"},"geometry":{"type":"LineString","coordinates":[[125.98902428500003,34.713324286000045],[125.97673587300005,34.72825755400004],[125.91602623800009,34.68764883000006],[125.92505944100003,34.67096588700008],[125.97689863400001,34.65639883000006],[126.00538170700008,34.692613023000035],[125.98902428500003,34.713324286000045]]}},{"type":"Feature","properties":{"layer":"coastline","rank":6.0,"class":"Coastline"},"geometry":{"type":"LineString","coordinates":[[126.00717207100001,34.780951239000046],[125.99594160200002,34.79075755400004],[125.91285241000003,34.77692291900007],[125.89389082100001,34.76227448100008],[125.89258873800009,34.73663971600007],[125.90642337300005,34.71930573100008],[125.93002363400001,34.72260163000004],[125.94613691500001,34.75665924700007],[125.97787519600001,34.757147528000075],[125.98650149800005,34.76654694200005],[126.00757897200003,34.75971100500004],[126.00717207100001,34.780951239000046]]}},{"type":"Feature","properties":{"layer":"coastline","rank":5.0,"class":"Coastline"},"geometry":{"type":"LineString","coordinates":[[126.05600019600001,34.91364166900007],[126.02800540500004,34.90989817900004],[125.98650149800005,34.86273834800005],[126.03142337300005,34.86896393400008],[126.05469811300009,34.85919830900008],[126.08073978000004,34.87099844000005],[126.08912194100003,34.911322333000044],[126.07007897200003,34.928900458000044],[126.05600019600001,34.91364166900007]]}},{"type":"Feature","properties":{"layer":"coastline","rank":5.0,"class":"Coastline"},"geometry":{"type":"LineString","coordinates":[[128.06959069100003,34.81500885600008],[128.02906334700003,34.82176341400009],[127.96192467500009,34.80695221600007],[127.94988040500004,34.824652411000045],[127.91993248800009,34.83543528900009],[127.90560957100001,34.86896393400008],[127.92807050900001,34.88825104400007],[127.93824303500003,34.91396719000005],[127.90211022200003,34.94000885600008],[127.87289472700002,34.92446523600006],[127.86231530000009,34.89606354400007],[127.84083092500009,34.88694896000004],[127.82935631600003,34.86896393400008],[127.83033287900003,34.83356354400007],[127.86182701900009,34.73086172100005],[127.89210045700008,34.71271393400008],[127.90626061300009,34.71308014500005],[127.92457116000003,34.75958893400008],[127.93767337300005,34.76703522300005],[127.95411217500009,34.75971100500004],[127.97527103000004,34.69993724200009],[128.010101759,34.70880768400008],[128.05591881600003,34.69822825700004],[128.051605665,34.72870514500005],[128.06527754,34.737534898000035],[128.06959069100003,34.81500885600008]]}},{"type":"Feature","properties":{"layer":"coastline","rank":5.0,"class":"Coastline"},"geometry":{"type":"LineString","coordinates":[[128.7485457690001,34.86896393400008],[128.74431399800005,34.88776276200008],[128.71436608200008,34.87641022300005],[128.7343856130001,34.93545156500005],[128.7192488940001,34.96629466400009],[128.724945509,35.01894765800006],[128.70289147200003,35.03294505400004],[128.6875106130001,35.02285390800006],[128.68189537900003,35.00462474200009],[128.6938582690001,34.98627350500004],[128.61060631600003,34.95490143400008],[128.61638431100005,34.921861070000034],[128.6455184250001,34.890692450000074],[128.57374108200008,34.91006094000005],[128.52328535200002,34.89915599200009],[128.48845462300005,34.86896393400008],[128.491547071,34.84992096600007],[128.52881920700008,34.80809153900009],[128.5908309250001,34.84227122600004],[128.6045028000001,34.83543528900009],[128.59156334700003,34.79120514500005],[128.56039472700002,34.78180573100008],[128.56430097700002,34.75873444200005],[128.57349694100003,34.75348541900007],[128.6045028000001,34.76654694200005],[128.5986434250001,34.73997630400004],[128.6181746750001,34.72557200700004],[128.5839949880001,34.705145575000074],[128.6782332690001,34.72483958500004],[128.6938582690001,34.73615143400008],[128.6572371750001,34.75698476800005],[128.68637129,34.80809153900009],[128.74170983200008,34.790716864000046],[128.72055097700002,34.84227122600004],[128.73414147200003,34.837551174000055],[128.74293053500003,34.84454987200007],[128.7485457690001,34.86896393400008]]}},{"type":"Feature","properties":{"layer":"coastline","rank":6.0,"class":"Coastline"},"geometry":{"type":"LineString","coordinates":[[126.11060631600003,35.05117422100005],[126.14478600400003,35.082464911000045],[126.12777754000001,35.12055084800005],[126.16521243600005,35.14350006700005],[126.12940514400009,35.14288971600007],[126.09888756600003,35.113267320000034],[126.06910241000003,35.10236237200007],[126.05600019600001,35.06134674700007],[126.11060631600003,35.05117422100005]]}},{"type":"Feature","properties":{"layer":"coastline","rank":6.0,"class":"Coastline"},"geometry":{"type":"LineString","coordinates":[[126.5633032070001,37.514443293000056],[126.51483014900009,37.53434720000007],[126.50066081700004,37.53018525900006],[126.49370873300006,37.50778105200004],[126.41888511500008,37.49686137800006],[126.35551114100008,37.46622280000008],[126.37132709600007,37.44731116400004],[126.36497292700005,37.44229130500008],[126.38320006100003,37.43745498900006],[126.39949220300002,37.444921322000084],[126.420460596,37.42235552600005],[126.443412653,37.420625381000036],[126.50657213500006,37.46556815100007],[126.58306593700001,37.49038382800006],[126.5633032070001,37.514443293000056]]}},{"type":"Feature","properties":{"layer":"coastline","rank":3.0,"class":"Coastline"},"geometry":{"type":"LineString","coordinates":[[130.90357506600003,37.54584381700005],[130.81430097700002,37.52260976800005],[130.80583743600005,37.50739166900007],[130.8110457690001,37.48700592700004],[130.85222415500004,37.45945872600004],[130.87769616000003,37.455511786000045],[130.89673912900003,37.46312083500004],[130.91944420700008,37.510199286000045],[130.92066491000003,37.535589911000045],[130.90357506600003,37.54584381700005]]}},{"type":"Feature","properties":{"layer":"coastline","rank":6.0,"class":"Coastline"},"geometry":{"type":"LineString","coordinates":[[126.35670006600003,37.69513580900008],[126.33187910200002,37.716498114000046],[126.31999759200005,37.74721914300005],[126.30372155000009,37.737209377000056],[126.28199303500003,37.699286200000074],[126.34986412900003,37.65737539300005],[126.37012780000009,37.65835195500006],[126.37875410200002,37.67869700700004],[126.35670006600003,37.69513580900008]]}},{"type":"Feature","properties":{"layer":"coastline","rank":5.0,"class":"Coastline"},"geometry":{"type":"LineString","coordinates":[[126.50782311300009,37.596869208000044],[126.54200280000009,37.63104889500005],[126.52767988400001,37.65151601800005],[126.52767988400001,37.69586823100008],[126.51400800900001,37.723537502000056],[126.51636803500003,37.767238674000055],[126.42530358200008,37.82444896000004],[126.40707441500001,37.82070547100005],[126.37378991000003,37.796128648000035],[126.36695397200003,37.72724030200004],[126.41667728000004,37.65184153900009],[126.40088951900009,37.63743724200009],[126.37012780000009,37.63104889500005],[126.41016686300009,37.60203685100004],[126.47608483200008,37.61107005400004],[126.50782311300009,37.596869208000044]]}},{"type":"Feature","properties":{"layer":"coastline","rank":6.0,"class":"Coastline"},"geometry":{"type":"LineString","coordinates":[[124.73267662900003,37.980454820000034],[124.70492597700002,37.98867422100005],[124.64942467500009,37.97329336100006],[124.62403405000009,37.980454820000034],[124.61361738400001,37.94505442900004],[124.64405358200008,37.92450592700004],[124.68490644600001,37.919989325000074],[124.70533287900003,37.93268463700008],[124.67839603000004,37.94204336100006],[124.67798912900003,37.95254140800006],[124.70875084700003,37.956284898000035],[124.72820071700005,37.94700755400004],[124.74203535200002,37.95502350500004],[124.74366295700008,37.96967194200005],[124.73267662900003,37.980454820000034]]}},{"type":"Feature","properties":{"layer":"coastline","rank":6.0,"class":"Coastline"},"geometry":{"type":"LineString","coordinates":[[124.88347415500004,38.528550523000035],[124.84424889400009,38.55516185100004],[124.79444420700008,38.53392161700009],[124.79029381600003,38.51740143400008],[124.79948978000004,38.50849030200004],[124.82203209700003,38.522365627000056],[124.90398196700005,38.49437083500004],[124.88347415500004,38.528550523000035]]}},{"type":"Feature","properties":{"layer":"coastline","rank":6.0,"class":"Coastline"},"geometry":{"type":"LineString","coordinates":[[127.30909264400009,34.02008698100008],[127.29639733200008,34.03758372600004],[127.29566491000003,34.06146881700005],[127.28003991000003,34.05744049700007],[127.29566491000003,34.014105536000045],[127.32349694100003,34.00576406500005],[127.30909264400009,34.02008698100008]]}},{"type":"Feature","properties":{"layer":"coastline","rank":6.0,"class":"Coastline"},"geometry":{"type":"LineString","coordinates":[[127.53191165500004,34.45058828300006],[127.50993899800005,34.470038153000075],[127.48707116000003,34.46124909100007],[127.45337975400003,34.47060781500005],[127.45215905000009,34.45302969000005],[127.49463951900009,34.41425202000005],[127.53638756600003,34.434759833000044],[127.53191165500004,34.45058828300006]]}},{"type":"Feature","properties":{"layer":"coastline","rank":6.0,"class":"Coastline"},"geometry":{"type":"LineString","coordinates":[[127.78296959700003,34.50698476800005],[127.74805748800009,34.55109284100007],[127.70753014400009,34.53388092700004],[127.73218834700003,34.50849030200004],[127.77116946700005,34.48818594000005],[127.79175866000003,34.49201080900008],[127.78296959700003,34.50698476800005]]}},{"type":"Feature","properties":{"layer":"coastline","rank":6.0,"class":"Coastline"},"geometry":{"type":"LineString","coordinates":[[126.10010826900009,34.59674713700008],[126.09937584700003,34.605454820000034],[126.06763756600003,34.62547435100004],[126.06006920700008,34.620794989000046],[126.08130944100003,34.58075592700004],[126.06495201900009,34.563788153000075],[126.03126061300009,34.55638255400004],[126.05445397200003,34.548895575000074],[126.03158613400001,34.539048570000034],[126.03516686300009,34.53392161700009],[126.05762780000009,34.532538153000075],[126.09937584700003,34.558661200000074],[126.10010826900009,34.59674713700008]]}},{"type":"Feature","properties":{"layer":"coastline","rank":6.0,"class":"Coastline"},"geometry":{"type":"LineString","coordinates":[[126.03809655000009,34.56948476800005],[126.05762780000009,34.57257721600007],[126.06039472700002,34.58429596600007],[126.02857506600003,34.63422272300005],[126.01661217500009,34.60614655200004],[126.02051842500009,34.57143789300005],[126.03809655000009,34.56948476800005]]}},{"type":"Feature","properties":{"layer":"coastline","rank":6.0,"class":"Coastline"},"geometry":{"type":"LineString","coordinates":[[125.44581139400009,34.68846263200004],[125.42945397200003,34.698431708000044],[125.41285241000003,34.69196198100008],[125.39340254000001,34.65965403900009],[125.39877363400001,34.63198476800005],[125.40853925900001,34.628607489000046],[125.45923912900003,34.686835028000075],[125.44581139400009,34.68846263200004]]}},{"type":"Feature","properties":{"layer":"coastline","rank":5.0,"class":"Coastline"},"geometry":{"type":"LineString","coordinates":[[126.17408287900003,34.73281484600005],[126.16358483200008,34.75495026200008],[126.11784915500004,34.769964911000045],[126.06959069100003,34.76968008000006],[126.11133873800009,34.71771881700005],[126.13843834700003,34.72345612200007],[126.15943444100003,34.702785549000055],[126.17212975400003,34.70380280200004],[126.17408287900003,34.73281484600005]]}},{"type":"Feature","properties":{"layer":"coastline","rank":5.0,"class":"Coastline"},"geometry":{"type":"LineString","coordinates":[[126.16871178500003,34.792303778000075],[126.14942467500009,34.80809153900009],[126.09253991000003,34.78758372600004],[126.14625084700003,34.76186758000006],[126.16423587300005,34.76976146000004],[126.16871178500003,34.792303778000075]]}},{"type":"Feature","properties":{"layer":"coastline","rank":5.0,"class":"Coastline"},"geometry":{"type":"LineString","coordinates":[[126.07943769600001,34.82265859600005],[126.09620201900009,34.79877350500004],[126.11589603000004,34.80312734600005],[126.11890709700003,34.82379791900007],[126.14210045700008,34.832912502000056],[126.13965905000009,34.85789622600004],[126.15202884200005,34.871161200000074],[126.12281334700003,34.87881094000005],[126.11255944100003,34.85342031500005],[126.06714928500003,34.85053131700005],[126.07943769600001,34.82265859600005]]}},{"type":"Feature","properties":{"layer":"coastline","rank":5.0,"class":"Coastline"},"geometry":{"type":"LineString","coordinates":[[128.0727645190001,34.84511953300006],[128.0459090500001,34.89362213700008],[128.01343834700003,34.869126695000034],[128.02295983200008,34.905503648000035],[128.01783287900003,34.91657135600008],[128.0019637380001,34.91303131700005],[127.96363366000003,34.85976797100005],[127.98731530000009,34.83808014500005],[128.02654056100005,34.84320709800005],[128.082367384,34.835598049000055],[128.0727645190001,34.84511953300006]]}},{"type":"Feature","properties":{"layer":"coastline","rank":6.0,"class":"Coastline"},"geometry":{"type":"LineString","coordinates":[[126.24642988400001,34.91624583500004],[126.25318444100003,34.93349844000005],[126.22242272200003,34.93195221600007],[126.22535241000003,34.913397528000075],[126.24642988400001,34.91624583500004]]}},{"type":"Feature","properties":{"layer":"coastline","rank":6.0,"class":"Coastline"},"geometry":{"type":"LineString","coordinates":[[126.17839603000004,35.048488674000055],[126.14380944100003,35.05768463700008],[126.12777754000001,35.048163153000075],[126.17237389400009,35.02362702000005],[126.18165123800009,35.02912018400008],[126.17839603000004,35.048488674000055]]}},{"type":"Feature","properties":{"layer":"coastline","rank":6.0,"class":"Coastline"},"geometry":{"type":"LineString","coordinates":[[128.8427840500001,35.02187734600005],[128.8364363940001,35.059800523000035],[128.80437259200005,35.056341864000046],[128.8266707690001,34.99237702000005],[128.8383895190001,35.001206773000035],[128.8427840500001,35.02187734600005]]}},{"type":"Feature","properties":{"layer":"coastline","rank":6.0,"class":"Coastline"},"geometry":{"type":"LineString","coordinates":[[126.25806725400003,35.57062409100007],[126.30567467500009,35.603216864000046],[126.30730228000004,35.61664459800005],[126.27613366000003,35.61286041900007],[126.25896243600005,35.59837474200009],[126.26295006600003,35.591782945000034],[126.25049889400009,35.580959377000056],[126.25806725400003,35.57062409100007]]}},{"type":"Feature","properties":{"layer":"coastline","rank":6.0,"class":"Coastline"},"geometry":{"type":"LineString","coordinates":[[126.09986412900003,37.22801341400009],[126.12159264400009,37.210923570000034],[126.14234459700003,37.21539948100008],[126.15919030000009,37.23191966400009],[126.10474694100003,37.26752350500004],[126.08863366000003,37.22597890800006],[126.09986412900003,37.22801341400009]]}},{"type":"Feature","properties":{"layer":"coastline","rank":6.0,"class":"Coastline"},"geometry":{"type":"LineString","coordinates":[[126.48406009200005,37.278998114000046],[126.44353274800005,37.273098049000055],[126.43531334700003,37.26398346600007],[126.43572024800005,37.23843008000006],[126.46949303500003,37.23346588700008],[126.49830162900003,37.261419989000046],[126.48406009200005,37.278998114000046]]}},{"type":"Feature","properties":{"layer":"coastline","rank":6.0,"class":"Coastline"},"geometry":{"type":"LineString","coordinates":[[126.61394290500004,37.255194403000075],[126.57789147200003,37.271144924000055],[126.57667076900009,37.28766510600008],[126.55941816500001,37.278631903000075],[126.54297936300009,37.28497955900008],[126.56039472700002,37.23932526200008],[126.54737389400009,37.22748444200005],[126.55046634200005,37.214911200000074],[126.53931725400003,37.19806549700007],[126.56251061300009,37.200384833000044],[126.61353600400003,37.23281484600005],[126.61394290500004,37.255194403000075]]}},{"type":"Feature","properties":{"layer":"coastline","rank":6.0,"class":"Coastline"},"geometry":{"type":"LineString","coordinates":[[125.68824303500003,37.67926666900007],[125.67920983200008,37.66966380400004],[125.68783613400001,37.65176015800006],[125.70622806100005,37.672308661000045],[125.68824303500003,37.67926666900007]]}},{"type":"Feature","properties":{"layer":"coastline","rank":6.0,"class":"Coastline"},"geometry":{"type":"LineString","coordinates":[[125.32878665500004,37.76666901200008],[125.27947024800005,37.74941640800006],[125.27458743600005,37.73383209800005],[125.25017337300005,37.731675523000035],[125.22055097700002,37.70376211100006],[125.22632897200003,37.69635651200008],[125.24683678500003,37.69985586100006],[125.29574629000001,37.72760651200008],[125.33773847700002,37.76870351800005],[125.32878665500004,37.76666901200008]]}},{"type":"Feature","properties":{"layer":"coastline","rank":6.0,"class":"Coastline"},"geometry":{"type":"LineString","coordinates":[[125.14771569100003,37.785589911000045],[125.19027754000001,37.809027411000045],[125.19141686300009,37.81549713700008],[125.14136803500003,37.79950592700004],[125.14771569100003,37.785589911000045]]}},{"type":"Feature","properties":{"layer":"coastline","rank":6.0,"class":"Coastline"},"geometry":{"type":"LineString","coordinates":[[125.03044681100005,37.83616771000004],[125.02849368600005,37.81883372600004],[125.01197350400003,37.82184479400007],[124.99773196700005,37.80841705900008],[125.01587975400003,37.80565013200004],[125.04175866000003,37.817287502000056],[125.04078209700003,37.83445872600004],[125.03044681100005,37.83616771000004]]}},{"type":"Feature","properties":{"layer":"coastline","rank":6.0,"class":"Coastline"},"geometry":{"type":"LineString","coordinates":[[124.71648196700005,37.846909898000035],[124.67652428500003,37.82489655200004],[124.68458092500009,37.799994208000044],[124.71420332100001,37.80955638200004],[124.72584069100003,37.83738841400009],[124.71648196700005,37.846909898000035]]}},{"type":"Feature","properties":{"layer":"coastline","rank":6.0,"class":"Coastline"},"geometry":{"type":"LineString","coordinates":[[124.68767337300005,39.52716705900008],[124.68014891200005,39.507725708000066],[124.69776451900009,39.50259023600006],[124.70777906000001,39.53039912400004],[124.70470809100004,39.53707637000008],[124.68767337300005,39.52716705900008]]}},{"type":"Feature","properties":{"layer":"coastline","rank":6.0,"class":"Coastline"},"geometry":{"type":"LineString","coordinates":[[124.68702233200008,39.54474518400008],[124.69809004000001,39.56289297100005],[124.67383873800009,39.57062409100007],[124.63086998800009,39.56509023600006],[124.59587649800005,39.53790924700007],[124.64478600400003,39.54767487200007],[124.66163170700008,39.538397528000075],[124.68702233200008,39.54474518400008]]}},{"type":"Feature","properties":{"layer":"coastline","rank":6.0,"class":"Coastline"},"geometry":{"type":"MultiLineString","coordinates":[[[128.899750196,32.81830475500004],[128.86296634200005,32.835272528000075],[128.8743507655533,32.8]],[[128.87173018438455,32.8],[128.8462020190001,32.834865627000056],[128.83464603000004,32.827053127000056],[128.8355040392226,32.8]],[[128.90830157337533,32.8],[128.899750196,32.81830475500004]]]}},{"type":"Feature","properties":{"layer":"coastline","rank":6.0,"class":"Coastline"},"geometry":{"type":"LineString","coordinates":[[128.9531356130001,32.874212958000044],[128.94654381600003,32.880194403000075],[128.93767337300005,32.86078522300005],[128.92896569100003,32.86469147300005],[128.92945397200003,32.84979889500005],[128.90894616000003,32.866441148000035],[128.89087975400003,32.87091705900008],[128.88070722700002,32.862616278000075],[128.92017662900003,32.83502838700008],[128.92058353000004,32.820746161000045],[128.94507897200003,32.804348049000055],[128.94459069100003,32.82339101800005],[128.9580184250001,32.841498114000046],[128.9531356130001,32.874212958000044]]}},{"type":"Feature","properties":{"layer":"coastline","rank":6.0,"class":"Coastline"},"geometry":{"type":"LineString","coordinates":[[129.0278426440001,32.89980703300006],[129.00961347700002,32.92450592700004],[128.98462975400003,32.92918528900009],[128.97966556100005,32.91648997600004],[128.99561608200008,32.89052969000005],[128.96461022200003,32.89826080900008],[128.96802819100003,32.87368398600006],[128.98267662900003,32.86225006700005],[129.00660241000003,32.86469147300005],[129.02409915500004,32.84804922100005],[129.0278426440001,32.89980703300006]]}},{"type":"Feature","properties":{"layer":"coastline","rank":6.0,"class":"Coastline"},"geometry":{"type":"LineString","coordinates":[[129.13550866000003,33.29987213700008],[129.08912194100003,33.283270575000074],[129.075043165,33.25991445500006],[129.127289259,33.24750397300005],[129.14958743600005,33.26902903900009],[129.13550866000003,33.29987213700008]]}},{"type":"Feature","properties":{"layer":"coastline","rank":6.0,"class":"Coastline"},"geometry":{"type":"LineString","coordinates":[[129.55591881600003,33.49396393400008],[129.5517684250001,33.50690338700008],[129.54175866000003,33.50731028900009],[129.50318444100003,33.47370026200008],[129.52686608200008,33.480454820000034],[129.55445397200003,33.47345612200007],[129.57642662900003,33.488348700000074],[129.57341556100005,33.496079820000034],[129.55591881600003,33.49396393400008]]}},{"type":"Feature","properties":{"layer":"coastline","rank":6.0,"class":"Coastline"},"geometry":{"type":"LineString","coordinates":[[125.12769616000003,34.04857005400004],[125.13428795700008,34.046861070000034],[125.13640384200005,34.05927155200004],[125.12208092500009,34.08380768400008],[125.10222415500004,34.09593333500004],[125.09213300900001,34.07176341400009],[125.12769616000003,34.04857005400004]]}},{"type":"Feature","properties":{"layer":"coastline","rank":6.0,"class":"Coastline"},"geometry":{"type":"LineString","coordinates":[[126.59896894600001,34.16864655200004],[126.53288821700005,34.17910390800006],[126.51514733200008,34.168850002000056],[126.50709069100003,34.13886139500005],[126.51775149800005,34.12714264500005],[126.53687584700003,34.12645091400009],[126.58179772200003,34.157416083000044],[126.61353600400003,34.15253327000005],[126.59896894600001,34.16864655200004]]}},{"type":"Feature","properties":{"layer":"coastline","rank":6.0,"class":"Coastline"},"geometry":{"type":"LineString","coordinates":[[126.67204837300005,34.15326569200005],[126.66187584700003,34.165716864000046],[126.67074629000001,34.189886786000045],[126.64527428500003,34.19717031500005],[126.63648522200003,34.187160549000055],[126.64503014400009,34.17747630400004],[126.63868248800009,34.128119208000044],[126.66537519600001,34.11908600500004],[126.67945397200003,34.146551825000074],[126.67204837300005,34.15326569200005]]}},{"type":"Feature","properties":{"layer":"coastline","rank":6.0,"class":"Coastline"},"geometry":{"type":"LineString","coordinates":[[126.90935306100005,34.197699286000045],[126.89926191500001,34.20966217700004],[126.86793053500003,34.207464911000045],[126.84913170700008,34.17438385600008],[126.85320071700005,34.15900299700007],[126.86695397200003,34.16282786700009],[126.88697350400003,34.15135325700004],[126.91358483200008,34.15766022300005],[126.92497806100005,34.184881903000075],[126.90935306100005,34.197699286000045]]}},{"type":"Feature","properties":{"layer":"coastline","rank":6.0,"class":"Coastline"},"geometry":{"type":"LineString","coordinates":[[126.61215254000001,34.21816640800006],[126.55974368600005,34.23452383000006],[126.54981530000009,34.19122955900008],[126.58383222700002,34.17560455900008],[126.58399498800009,34.18626536700009],[126.60661868600005,34.18829987200007],[126.61703535200002,34.20453522300005],[126.61215254000001,34.21816640800006]]}},{"type":"Feature","properties":{"layer":"coastline","rank":6.0,"class":"Coastline"},"geometry":{"type":"LineString","coordinates":[[126.08871504000001,34.307928778000075],[126.03321373800009,34.314886786000045],[126.02165774800005,34.29564036700009],[126.06934655000009,34.278998114000046],[126.08936608200008,34.28961823100008],[126.08871504000001,34.307928778000075]]}},{"type":"Feature","properties":{"layer":"coastline","rank":6.0,"class":"Coastline"},"geometry":{"type":"LineString","coordinates":[[126.85385175900001,34.30853913000004],[126.87680097700002,34.31224192900004],[126.89332116000003,34.34125397300005],[126.83765709700003,34.35374583500004],[126.80290774800005,34.33869049700007],[126.75757897200003,34.33612702000005],[126.78874759200005,34.32094961100006],[126.82829837300005,34.32290273600006],[126.84058678500003,34.30337148600006],[126.85385175900001,34.30853913000004]]}},{"type":"Feature","properties":{"layer":"coastline","rank":6.0,"class":"Coastline"},"geometry":{"type":"LineString","coordinates":[[127.09156334700003,34.344916083000044],[127.07740319100003,34.35932038000004],[127.04590905000009,34.35765208500004],[127.02540123800009,34.38133372600004],[126.99146569100003,34.35626862200007],[127.04558353000004,34.33543528900009],[127.03882897200003,34.31289297100005],[127.07398522200003,34.33417389500005],[127.06527754000001,34.33978913000004],[127.09693444100003,34.33779531500005],[127.09156334700003,34.344916083000044]]}},{"type":"Feature","properties":{"layer":"coastline","rank":5.0,"class":"Coastline"},"geometry":{"type":"LineString","coordinates":[[126.76392662900003,34.30923086100006],[126.74561608200008,34.324204820000034],[126.70997155000009,34.39288971600007],[126.67017662900003,34.40058014500005],[126.64576256600003,34.38556549700007],[126.64486738400001,34.337103583000044],[126.66358483200008,34.323431708000044],[126.69564863400001,34.32078685100004],[126.68897545700008,34.30109284100007],[126.76807701900009,34.28921133000006],[126.76392662900003,34.30923086100006]]}},{"type":"Feature","properties":{"layer":"coastline","rank":6.0,"class":"Coastline"},"geometry":{"type":"LineString","coordinates":[[126.76246178500003,34.38296133000006],[126.77572675900001,34.354722398000035],[126.79330488400001,34.378892320000034],[126.82471764400009,34.39520905200004],[126.86109459700003,34.39276764500005],[126.83659915500004,34.41864655200004],[126.83545983200008,34.43805573100008],[126.82300866000003,34.43984609600005],[126.78248131600003,34.42674388200004],[126.75318444100003,34.38694896000004],[126.76246178500003,34.38296133000006]]}},{"type":"Feature","properties":{"layer":"coastline","rank":6.0,"class":"Coastline"},"geometry":{"type":"LineString","coordinates":[[128.29460696700005,34.639553127000056],[128.2817488940001,34.61985911700009],[128.2362573580001,34.61045970300006],[128.23780358200008,34.62575918200008],[128.22527103000004,34.63283926000008],[128.22877037900003,34.64785390800006],[128.23951256600003,34.652411200000074],[128.27125084700003,34.63231028900009],[128.29460696700005,34.639553127000056]]}},{"type":"Feature","properties":{"layer":"coastline","rank":6.0,"class":"Coastline"},"geometry":{"type":"LineString","coordinates":[[128.385829703,34.82012484100005],[128.4282260330001,34.82744842200009],[128.43799723000006,34.81957166400008],[128.4389764760001,34.793902942000045],[128.420597445,34.78923582600004],[128.4373320310001,34.77980895600007],[128.423082744,34.76325254900007],[128.40653355100005,34.76309813600005],[128.3869898480001,34.77880380000005],[128.38620598800003,34.79191741400007],[128.368702331,34.79653684500005],[128.38008923000007,34.81040434100004],[128.33204884400004,34.82570246700004],[128.35183084900007,34.83542157800008],[128.385829703,34.82012484100005]]}},{"type":"Feature","properties":{"layer":"coastline","rank":6.0,"class":"Coastline"},"geometry":{"type":"LineString","coordinates":[[128.23991946700005,34.83616771000004],[128.22730553500003,34.83856842700004],[128.20582116000003,34.815619208000044],[128.23845462300005,34.796942450000074],[128.2407332690001,34.807074286000045],[128.26050866000003,34.81464264500005],[128.23991946700005,34.83616771000004]]}},{"type":"Feature","properties":{"layer":"coastline","rank":6.0,"class":"Coastline"},"geometry":{"type":"LineString","coordinates":[[126.34066816500001,34.86408112200007],[126.32007897200003,34.86587148600006],[126.31812584700003,34.87645091400009],[126.34522545700008,34.89622630400004],[126.29737389400009,34.91754791900007],[126.28646894600001,34.91290924700007],[126.29761803500003,34.894232489000046],[126.29265384200005,34.88068268400008],[126.23072350400003,34.85455963700008],[126.24870853000004,34.84471263200004],[126.30616295700008,34.855902411000045],[126.33822675900001,34.841457424000055],[126.33130944100003,34.825832424000055],[126.34205162900003,34.82249583500004],[126.36166425900001,34.83738841400009],[126.35962975400003,34.858587958000044],[126.34066816500001,34.86408112200007]]}},{"type":"Feature","properties":{"layer":"coastline","rank":6.0,"class":"Coastline"},"geometry":{"type":"LineString","coordinates":[[126.23422285200002,35.04706452000005],[126.24293053500003,35.02728913000004],[126.26107832100001,35.02456289300005],[126.25513756600003,35.05638255400004],[126.21851647200003,35.076605536000045],[126.23853600400003,35.091864325000074],[126.23601321700005,35.09837474200009],[126.17750084700003,35.10578034100007],[126.15870201900009,35.09422435100004],[126.17481530000009,35.06826406500005],[126.23422285200002,35.04706452000005]]}},{"type":"Feature","properties":{"layer":"coastline","rank":6.0,"class":"Coastline"},"geometry":{"type":"LineString","coordinates":[[124.59603925900001,39.43024323100008],[124.59286543100006,39.44680410400008],[124.61255944100003,39.457139390000066],[124.6190698580001,39.43301015800006],[124.59603925900001,39.43024323100008]]}},{"type":"Feature","properties":{"layer":"coastline","rank":6.0,"class":"Coastline"},"geometry":{"type":"LineString","coordinates":[[124.23687017669619,39.8],[124.22601537000003,39.79142286700005],[124.21145459313102,39.8]]}},{"type":"Feature","properties":{"layer":"river","name":"낙동강","rank":8.0,"class":"River"},"geometry":{"type":"LineString","coordinates":[[129.0568359375,37.04201080936912],[129.09853515625002,36.97931549686912],[129.08935546875,36.96283600468162],[129.06728515625002,36.93898346561912],[129.02001953125,36.92804596561912],[129.02675781250002,36.91828034061912],[129.01132812500003,36.88458893436912],[128.907958984375,36.842157293744116],[128.89833984375002,36.81293366093162],[128.90615234375002,36.76764557499412],[128.8876953125,36.74860260624412],[128.89931640625002,36.733514715619116],[128.84755859375002,36.72272369999412],[128.8583984375,36.69257233280662],[128.83242187500002,36.69044830936912],[128.87089843750005,36.57611725468162],[128.58056640625,36.594110418744116],[128.5392578125,36.56256744999412],[128.46425781250002,36.55707428593162],[128.402587890625,36.50416901249412],[128.32138671875003,36.55372955936912],[128.2892578125,36.55536530155662],[128.25302734375003,36.466669012494116],[128.262939453125,36.44940827030662],[128.241455078125,36.432489324994116],[128.255078125,36.41486237186912],[128.3134765625,36.39430573124412],[128.296630859375,36.31520416874412],[128.33076171875,36.30153229374412],[128.381591796875,36.17523834843162],[128.406982421875,36.04743073124412],[128.40478515625,35.85394928593162],[128.46669921875002,35.83746979374412],[128.48759765625005,35.81403229374412],[128.43662109375003,35.80133698124412],[128.412109375,35.782831121869116],[128.40419921875002,35.75812409061912],[128.451416015625,35.698358465619116],[128.36484375000003,35.69537994999412],[128.40595703125,35.64357330936912],[128.404052734375,35.62518952030662],[128.36484375000003,35.59577057499412],[128.36767578125,35.53078034061912],[128.430419921875,35.48041412968162],[128.39003906250002,35.45265534061912],[128.38779296875003,35.431268621869116],[128.466015625,35.37750885624412],[128.52880859375,35.39032623905662],[128.56669921875005,35.37672760624412],[128.69785156250003,35.38812897343162],[128.770263671875,35.35455963749412],[128.81455078125003,35.36762116093162],[128.86240234375003,35.40302155155662],[128.92626953125,35.37623932499412],[128.997802734375,35.31500885624412],[129.025634765625,35.26320221561912],[129.00917968750002,35.21161530155662],[128.96033193121258,35.135186980516956]]}},{"type":"Feature","properties":{"layer":"river","name":"남한","rank":7.0,"class":"River"},"geometry":{"type":"LineString","coordinates":[[128.87890625,37.40509674686912],[128.86240234375003,37.40480377811912],[128.842041015625,37.47003815311912],[128.8251953125,37.48309967655662],[128.77138671875002,37.49152252811912],[128.67910156250002,37.46198151249412],[128.646484375,37.44025299686912],[128.688232421875,37.410760809369116],[128.65869140625,37.38820221561912],[128.59970703125003,37.38349030155662],[128.61025390625002,37.37160065311912],[128.60498046875,37.341913153119116],[128.63271484375002,37.31146881718162],[128.62734375000002,37.30341217655662],[128.59511718750002,37.26740143436912],[128.55712890625,37.25995514530662],[128.5548828125,37.27924225468162],[128.52939453125003,37.28485748905662],[128.53066406250002,37.24347565311912],[128.499755859375,37.22955963749412],[128.503173828125,37.20534088749412],[128.47119140625,37.172235418744116],[128.52939453125003,37.113641668744116],[128.48017578125,37.061395574994116],[128.42148437500003,37.05194733280662],[128.3837890625,37.004999090619116],[128.3517578125,36.99994537968162],[128.35556640625003,36.98212311405662],[128.32460937500002,36.96950104374412],[128.225341796875,36.957147528119116],[128.16220703125003,37.01410553593162],[128.11875000000003,37.001336981244116],[128.04736328125,36.952752996869116],[127.947265625,37.02150299686912],[127.89501953125,36.98732330936912],[127.87490234375002,36.99701569218162],[127.86337890625003,37.021356512494116],[127.88330078125,37.058465887494116],[127.87832031250002,37.07672760624412],[127.833984375,37.08637116093162],[127.761474609375,37.16530182499412],[127.74355468750002,37.21369049686912],[127.68984375000002,37.23786041874412],[127.67236328125,37.286493231244116],[127.55361328125002,37.36163971561912],[127.5283203125,37.41193268436912],[127.494140625,37.44606354374412],[127.48759765625005,37.48200104374412],[127.44287109375,37.50067780155662],[127.39853515625003,37.49445221561912],[127.33359375000003,37.52802155155662],[127.29248046875,37.51154205936912],[127.21826171875,37.57684967655662],[127.18310546875,37.58026764530662]]}},{"type":"Feature","properties":{"layer":"river","name":"한강","rank":7.0,"class":"River"},"geometry":{"type":"LineString","coordinates":[[126.75546875000003,37.63788483280662],[126.8671875,37.55902741093162],[126.973388671875,37.50812409061912],[127.02480468750002,37.541620184369116],[127.08798828125003,37.50568268436912],[127.10429687499999,37.50812409061912],[127.13095703125003,37.55592682499412],[127.18310546875,37.58026764530662]]}},{"type":"Feature","properties":{"layer":"admin1","rank":6.0,"class":"Admin-1 boundary"},"geometry":{"type":"MultiLineString","coordinates":[[[129.8145443646307,33.331246004799254],[129.81455069855588,33.33125495934888]],[[130.21144805108668,32.943662791304746],[130.20410127975026,32.94357262887371]]]}},{"type":"Feature","properties":{"layer":"admin1","rank":6.0,"class":"Admin-1 boundary"},"geometry":{"type":"LineString","coordinates":[[130.0362749274459,33.45759283374224],[130.03623991773793,33.4575920675199]]}},{"type":"Feature","properties":{"layer":"admin1","rank":6.0,"class":"Admin-1 boundary"},"geometry":{"type":"LineString","coordinates":[[130.4291355722488,32.98050971345248],[130.4291583889484,32.980522543180825]]}},{"type":"Feature","properties":{"layer":"admin1","rank":6.0,"class":"Admin-1 boundary"},"geometry":{"type":"LineString","coordinates":[[129.45905595576767,35.610784051242945],[129.47119063044317,35.61343851177787]]}},{"type":"Feature","properties":{"layer":"admin1","rank":6.0,"class":"Admin-1 boundary"},"geometry":{"type":"LineString","coordinates":[[126.43690020088354,35.37056205749292],[126.43689464217391,35.370560597893245]]}},{"type":"Feature","properties":{"layer":"admin1","rank":6.0,"class":"Admin-1 boundary"},"geometry":{"type":"LineString","coordinates":[[129.26883627587335,35.31572406201582],[129.2870762419749,35.30286362545593]]}},{"type":"Feature","properties":{"layer":"admin1","rank":6.0,"class":"Admin-1 boundary"},"geometry":{"type":"LineString","coordinates":[[125.25539280873113,38.76702651895869],[125.25540844614284,38.76702515918373]]}},{"type":"Feature","properties":{"layer":"admin1","rank":6.0,"class":"Admin-1 boundary"},"geometry":{"type":"LineString","coordinates":[[126.40163755053243,37.88901477481198],[126.40162831989096,37.88900161773046]]}},{"type":"Feature","properties":{"layer":"admin1","rank":8.0,"class":"Admin-1 statistical boundary"},"geometry":{"type":"LineString","coordinates":[[131.9035584887332,33.38282579607363],[132.0,33.26709598205453]]}},{"type":"Feature","properties":{"layer":"admin1","rank":8.0,"class":"Admin-1 statistical boundary"},"geometry":{"type":"LineString","coordinates":[[130.77216932495435,34.04494745086413],[130.8776670306089,33.91146055795838],[130.92503334791058,33.91576658745805],[131.00684789491436,33.98035701916109],[131.0369900960161,33.98035701916109],[131.07143832661745,33.95667386051025],[131.09296847141775,33.92007261605835],[131.11019258581916,33.85548218435531]]}},{"type":"Feature","properties":{"layer":"admin1","name":"Oita - Miyazaki","rank":6.0,"class":"Admin-1 boundary"},"geometry":{"type":"MultiLineString","coordinates":[[[131.74687340738183,32.82303559032022],[131.81763656133097,32.8]],[[131.71765577342808,32.8],[131.74687340738183,32.82303559032022]],[[131.323901809321,32.82228628238602],[131.38239953021412,32.8019257679598]],[[131.46415164628138,32.81789378487025],[131.49797436570944,32.8]],[[131.38239953021412,32.8019257679598],[131.46415164628138,32.81789378487025]]]}},{"type":"Feature","properties":{"layer":"admin1","name":"Nagasaki - Saga","rank":6.0,"class":"Admin-1 boundary"},"geometry":{"type":"LineString","coordinates":[[130.20410127975026,32.94357262887371],[130.05953453958728,32.97323314139635],[129.925175816011,33.06878286403793],[129.91540896994798,33.08674042413122],[129.9354077500676,33.10741099691995],[129.93013675340842,33.132086492697454],[129.81500166179717,33.18595917387677],[129.75944949759617,33.26820221635916],[129.76410037663106,33.28822683400119],[129.8145443646307,33.331246004799254]]}},{"type":"Feature","properties":{"layer":"admin1","name":"Miyazaki - Kumamoto","rank":6.0,"class":"Admin-1 boundary"},"geometry":{"type":"LineString","coordinates":[[131.323901809321,32.82228628238602],[131.2523480981989,32.8]]}},{"type":"Feature","properties":{"layer":"admin1","name":"Oita - Kumamoto","rank":6.0,"class":"Admin-1 boundary"},"geometry":{"type":"MultiLineString","coordinates":[[[131.04490075126864,33.1811532661103],[131.09063439256306,33.16500438114724],[131.14076053317206,33.12596283621588],[131.20907677607227,33.03020640709997],[131.26214847157462,32.86628876381536],[131.323901809321,32.82228628238602]],[[130.97694624177564,33.02886281996314],[130.9908988788801,33.03310028694864],[131.00965742375104,33.079531562031946],[130.97973676973606,33.11994253252186],[130.9729154812644,33.15420400630984],[131.04490075126864,33.1811532661103]],[[130.83473270095328,33.08092682511284],[130.97694624177564,33.02886281996314]]]}},{"type":"Feature","properties":{"layer":"admin1","name":"Fukuoka - Oita","rank":6.0,"class":"Admin-1 boundary"},"geometry":{"type":"MultiLineString","coordinates":[[[131.12448245699977,33.49015249344279],[131.1494938495615,33.49565603319934],[131.17507368380336,33.52549917194921],[131.18313520662446,33.5454462752254],[131.17517703659087,33.58332510017323],[131.20089214685504,33.61270976634262]],[[131.00423139925965,33.50012604418157],[131.12448245699977,33.49015249344279]],[[130.83473270095328,33.08092682511284],[130.85602339136642,33.14299022122174],[130.82625776608302,33.23298472816265],[130.84114057827503,33.277219754488044],[130.83850507994543,33.34551015896665],[130.8858406916945,33.42540192306029],[130.92557986861596,33.466122951912666],[131.00423139925965,33.50012604418157]]]}},{"type":"Feature","properties":{"layer":"admin1","name":"Saga - Fukuoka","rank":6.0,"class":"Admin-1 boundary"},"geometry":{"type":"MultiLineString","coordinates":[[[130.41429324843466,33.38654124618154],[130.2899597524406,33.458836575447606],[130.23084191302382,33.4694819197548]],[[130.23084191302382,33.4694819197548],[130.1635075220545,33.461730455296276]],[[130.1635075220545,33.461730455296276],[130.12113284680333,33.46219554328968]],[[130.12113284680333,33.46219554328968],[130.0362749274459,33.45759283374224]],[[130.34936061839778,33.1420445535133],[130.34675215099094,33.179913031760975],[130.3812203312532,33.23644704789291],[130.453360629989,33.264714057307856],[130.48395307757244,33.314814357696434],[130.5319088069458,33.33788788481803],[130.52891157430963,33.40933055336234],[130.50669070880906,33.423541571985936]],[[130.50669070880906,33.423541571985936],[130.41429324843466,33.38654124618154]]]}},{"type":"Feature","properties":{"layer":"admin1","name":"Fukuoka - Kumamoto","rank":6.0,"class":"Admin-1 boundary"},"geometry":{"type":"MultiLineString","coordinates":[[[130.70089074131465,33.140587266888815],[130.83473270095328,33.08092682511284]],[[130.4291583889484,32.980522543180825],[130.4982157739388,33.00023407624161],[130.50824100242028,33.049455878386084],[130.5636898129345,33.09167552310686],[130.63588178941302,33.10428457307455],[130.67308882079237,33.13531627022968],[130.70089074131465,33.140587266888815]]]}},{"type":"Feature","properties":{"layer":"admin1","name":"Yamaguchi - Shimane","rank":6.0,"class":"Admin-1 boundary"},"geometry":{"type":"MultiLineString","coordinates":[[[131.81265750473995,34.299637966119235],[131.7819617052685,34.306536769855995],[131.7583972517317,34.33746511512294],[131.75136925678567,34.37350942651881],[131.77250491756786,34.40376597821728],[131.76847415615737,34.41614248328898],[131.69648888615313,34.42898407635403],[131.6792289571506,34.44709666607827],[131.66884199436254,34.50978017801276],[131.7033101746248,34.58104197850446],[131.675628663432,34.67214318486009]],[[132.0,34.419697488440086],[131.9877372580679,34.401776435034435],[132.0,34.37290634480432]],[[132.0,34.36066148512697],[131.96226077661345,34.339661362981474],[131.93947147033202,34.30317780201392]],[[131.93947147033202,34.30317780201392],[131.90805219865,34.31955923097371]],[[131.90805219865,34.31955923097371],[131.81265750473995,34.299637966119235]]]}},{"type":"Feature","properties":{"layer":"admin1","name":"Seoul - Gyeonggi","rank":6.0,"class":"Admin-1 boundary"},"geometry":{"type":"MultiLineString","coordinates":[[[127.11588992667873,37.55057648401748],[127.12446821523588,37.60331228273566],[127.10741499180835,37.657391669489925],[127.09025841739196,37.6808010933957],[127.05429162036194,37.68312653336278]],[[127.05429162036194,37.68312653336278],[127.0230790551542,37.677209581556895],[126.96602827418542,37.613415025582924],[126.92117313023573,37.610004380897465],[126.91373172413967,37.57693146371605],[126.86877322830185,37.560291653237186]],[[126.86877322830185,37.560291653237186],[126.80872521379752,37.577215685455485]],[[126.80872521379752,37.577215685455485],[126.79373904791862,37.55166168873592],[126.83725060383222,37.50621226738224],[126.84252159959215,37.47750600839555],[126.89140750495233,37.46014272750483],[126.92075971908571,37.42947276555566],[126.96365115827427,37.42831004557212]],[[127.06080284957181,37.42851675114713],[127.14462202408708,37.457765610694366],[127.17128706304743,37.48944326389551],[127.16291548096467,37.51471303977496],[127.1920609877244,37.52832978009525],[127.18710005122637,37.557785346116816]],[[127.18710005122637,37.557785346116816],[127.11588992667873,37.55057648401748]],[[127.04933068206526,37.449445706354254],[127.06080284957181,37.42851675114713]],[[126.96365115827427,37.42831004557212],[127.04933068206526,37.449445706354254]]]}},{"type":"Feature","properties":{"layer":"admin1","name":"South Chungcheong - Gyeonggi","rank":6.0,"class":"Admin-1 boundary"},"geometry":{"type":"MultiLineString","coordinates":[[[127.25996382127323,36.87893789306929],[127.2127315614124,36.88405386009754],[127.13087609255763,36.925808416824964]],[[127.13087609255763,36.925808416824964],[127.0477803902528,36.89736054115605]],[[127.0477803902528,36.89736054115605],[126.96168866400058,36.905111651281686]]]}},{"type":"Feature","properties":{"layer":"admin1","name":"North Jeolla - South Chungcheong","rank":6.0,"class":"Admin-1 boundary"},"geometry":{"type":"MultiLineString","coordinates":[[[127.11402957560438,36.055706488863336],[127.09273888609061,36.08252655745463],[127.10162723211101,36.1266582300932],[127.06473025909418,36.132626857843206]],[[127.06473025909418,36.132626857843206],[126.8570943543209,36.09221588825261],[126.81208373737456,36.04730368681567]],[[127.49033735638386,35.98093069089862],[127.4324597513164,35.987080186701235],[127.42935916589272,36.0165099152004],[127.38336714128047,36.03265880016346],[127.33840864544254,36.09821035442428],[127.306472609823,36.12115469033665]],[[127.306472609823,36.12115469033665],[127.2762935733897,36.090355536278935],[127.11402957560438,36.055706488863336]],[[127.61901167215092,36.029506536997076],[127.57105594277743,35.99299713850712],[127.49033735638386,35.98093069089862]]]}},{"type":"Feature","properties":{"layer":"admin1","name":"Daejeon - South Chungcheong","rank":6.0,"class":"Admin-1 boundary"},"geometry":{"type":"MultiLineString","coordinates":[[[127.21898978704894,36.456242251079004],[127.29069099719175,36.360101180125355],[127.29587023242527,36.28759189045337],[127.31658717156063,36.233209924098674]],[[127.31658717156063,36.233209924098674],[127.36578990358112,36.24356839366641],[127.44982303310644,36.290782578952815],[127.48227583176413,36.374498398882]]]}},{"type":"Feature","properties":{"layer":"admin1","name":"Sejong - South Chungcheong","rank":6.0,"class":"Admin-1 boundary"},"geometry":{"type":"MultiLineString","coordinates":[[[127.24652794810629,36.64603221331595],[127.10423853957684,36.691572216184795]],[[127.10423853957684,36.691572216184795],[127.08093198192535,36.6397798665476],[127.08405724474596,36.48828990335636],[127.05976932169676,36.45563039822429],[127.15082319583382,36.44123851244734]],[[127.15082319583382,36.44123851244734],[127.21898978704894,36.456242251079004]]]}},{"type":"Feature","properties":{"layer":"admin1","name":"Incheon - Gyeonggi","rank":6.0,"class":"Admin-1 boundary"},"geometry":{"type":"MultiLineString","coordinates":[[[126.72004509120791,37.3770533825076],[126.77213830004246,37.396477362740086],[126.79580610636663,37.44303782813324],[126.77017459528133,37.46383759213114],[126.75952925007482,37.507064928103944],[126.70061811713231,37.55202342394182]],[[126.70061811713231,37.55202342394182],[126.60379237162056,37.54929667320289]]]}},{"type":"Feature","properties":{"layer":"admin1","name":"Gyeonggi - North Chungcheong","rank":6.0,"class":"Admin-1 boundary"},"geometry":{"type":"MultiLineString","coordinates":[[[127.49261111860824,37.00027415642717],[127.51772586485674,37.014278469475755],[127.60702273980758,37.13135142742641]],[[127.46739301957211,37.00957591449685],[127.49261111860824,37.00027415642717]],[[127.25996382127323,36.87893789306929],[127.38057661332004,36.91480133731187],[127.38956831302721,36.94423106491172],[127.43152957622885,36.967252916089194],[127.46739301957211,37.00957591449685]]]}},{"type":"Feature","properties":{"layer":"admin1","name":"North Chungcheong - South Chungcheong","rank":6.0,"class":"Admin-1 boundary"},"geometry":{"type":"MultiLineString","coordinates":[[[127.51224816262254,36.39865713072197],[127.53891320158289,36.39018219675097],[127.5350891457474,36.37284475428197],[127.4767981304293,36.29835317625805],[127.46573937407277,36.20360443839411]],[[127.48227583176413,36.374498398882],[127.51224816262254,36.39865713072197]],[[127.49798546805482,36.20900462536315],[127.55834354092167,36.18603445102906],[127.5759135282866,36.0874358180086],[127.61901167215092,36.029506536997076]],[[127.46573937407277,36.20360443839411],[127.49798546805482,36.20900462536315]]]}},{"type":"Feature","properties":{"layer":"admin1","name":"South Chungcheong - North Chungcheong","rank":6.0,"class":"Admin-1 boundary"},"geometry":{"type":"MultiLineString","coordinates":[[[127.31319054640653,36.71370250106952],[127.32755659376176,36.72344350781162],[127.33716841019395,36.77615346900734],[127.32228559800194,36.792276516448055],[127.32331912587688,36.81284373644928],[127.25996382127323,36.87893789306929]],[[127.30368208186258,36.71489105947478],[127.31319054640653,36.71370250106952]],[[127.24652794810629,36.64603221331595],[127.30368208186258,36.71489105947478]]]}},{"type":"Feature","properties":{"layer":"admin1","name":"Sejong - North Chungcheong","rank":6.0,"class":"Admin-1 boundary"},"geometry":{"type":"LineString","coordinates":[[127.21169803263808,36.5356513535271],[127.22699425687938,36.611899928938556],[127.24652794810629,36.64603221331595]]}},{"type":"Feature","properties":{"layer":"admin1","name":"North Chungcheong - North Jeolla","rank":6.0,"class":"Admin-1 boundary"},"geometry":{"type":"MultiLineString","coordinates":[[[127.61901167215092,36.029506536997076],[127.63709842255412,36.01410696086754]],[[127.65167117728299,36.02276276289115],[127.75368045498897,35.97522044556706]],[[127.63709842255412,36.01410696086754],[127.65167117728299,36.02276276289115]],[[127.85196902874759,35.98695099549201],[127.87760053893362,36.00736318586229]],[[127.82272016830109,36.004650173166965],[127.85196902874759,35.98695099549201]],[[127.75368045498897,35.97522044556706],[127.82272016830109,36.004650173166965]]]}},{"type":"Feature","properties":{"layer":"admin1","name":"Daejeon - North Chungcheong","rank":6.0,"class":"Admin-1 boundary"},"geometry":{"type":"MultiLineString","coordinates":[[[127.40176395094556,36.4188109404725],[127.37158491361288,36.425735581731715],[127.37540897034762,36.443253893152644],[127.35256798722276,36.47906566055178]],[[127.48227583176413,36.374498398882],[127.47018354663328,36.418965969204066],[127.44568891800907,36.438241278911846]],[[127.44568891800907,36.438241278911846],[127.40176395094556,36.4188109404725]]]}},{"type":"Feature","properties":{"layer":"admin1","name":"Sejong - North Chungcheong","rank":6.0,"class":"Admin-1 boundary"},"geometry":{"type":"MultiLineString","coordinates":[[[127.35256798722276,36.47906566055178],[127.36135298135491,36.543661201303394],[127.28528527219748,36.547536933082995]],[[127.28528527219748,36.547536933082995],[127.21169803263808,36.5356513535271]]]}},{"type":"Feature","properties":{"layer":"admin1","name":"Gyeonggi - Gangwon","rank":6.0,"class":"Admin-1 boundary"},"geometry":{"type":"LineString","coordinates":[[127.08230024555985,38.119947414841306],[127.02110403096283,38.187760231236666]]}},{"type":"Feature","properties":{"layer":"admin1","name":"Gangwon - North Chungcheong","rank":6.0,"class":"Admin-1 boundary"},"geometry":{"type":"MultiLineString","coordinates":[[[127.98756798667318,37.21827118646604],[128.02560184125196,37.18615428279389],[128.03800418474532,37.15080760338816]],[[127.88845258971514,37.11440155678639],[127.92317915329522,37.137423407963865],[127.91770145106102,37.18602509248399],[127.93661502466364,37.20452525493653],[127.98756798667318,37.21827118646604]],[[128.19106977814772,37.20279409417208],[128.3219145042509,37.175431423221596],[128.2643469593446,37.11675283517519],[128.29835005071425,37.10047475810359]],[[128.14817833895916,37.18026317030905],[128.19106977814772,37.20279409417208]],[[128.12430382705998,37.184268093297874],[128.14817833895916,37.18026317030905]],[[128.03800418474532,37.15080760338816],[128.12430382705998,37.184268093297874]],[[127.81899946525311,37.16605215078613],[127.81042117669585,37.117786363050186]],[[127.60702273980758,37.13135142742641],[127.81899946525311,37.16605215078613]],[[127.84080691870429,37.12352244680346],[127.88845258971514,37.11440155678639]],[[127.81042117669585,37.117786363050186],[127.84080691870429,37.12352244680346]],[[128.3854765162282,37.11633942312585],[128.42071984284644,37.06373281471758]],[[128.29835005071425,37.10047475810359],[128.3854765162282,37.11633942312585]],[[128.50836307229793,37.07414561592742],[128.55848921110817,37.04611115230779],[128.65026655475765,37.02226247793101]],[[128.42071984284644,37.06373281471758],[128.50836307229793,37.07414561592742]]]}},{"type":"Feature","properties":{"layer":"admin1","name":"North Jeolla - North Gyeongsang","rank":6.0,"class":"Admin-1 boundary"},"geometry":{"type":"LineString","coordinates":[[127.91387739522554,35.887060452178105],[127.91852827426044,35.95075165536457],[127.87760053893362,36.00736318586229]]}},{"type":"Feature","properties":{"layer":"admin1","name":"North Gyeongsang - North Chungcheong","rank":6.0,"class":"Admin-1 boundary"},"geometry":{"type":"MultiLineString","coordinates":[[[128.65026655475765,37.02226247793101],[128.6245316917841,37.00492503546201]],[[128.6245316917841,37.00492503546201],[128.61264611222828,37.00859406256592]],[[128.61264611222828,37.00859406256592],[128.50474572203734,36.94071706833802],[128.44304406113451,36.8852424185028],[128.41989301964713,36.847777004704994],[128.44015018128584,36.82821747505642],[128.42537072188122,36.788969225449364],[128.34165490105283,36.76075389287786]],[[128.34165490105283,36.76075389287786],[128.30599816328458,36.77015900283567],[128.2378886250599,36.83188650216033]],[[128.2378886250599,36.83188650216033],[128.20243859286677,36.776308499537606]],[[128.20243859286677,36.776308499537606],[128.12657759018362,36.795170396296726]],[[128.12657759018362,36.795170396296726],[128.09309126185224,36.76860871012383],[128.07314415857604,36.767239285464655]],[[128.07314415857604,36.767239285464655],[128.0571244648221,36.77574005785738]],[[128.0571244648221,36.77574005785738],[128.02580854682697,36.716932277702426],[128.05950158073335,36.67466095613821]],[[128.05950158073335,36.67466095613821],[127.9504643089806,36.69698517532555]],[[127.9504643089806,36.69698517532555],[127.92876020741755,36.67099192993362],[127.86271772674161,36.64070953981337],[127.85517296785815,36.60929026993],[127.8181726420537,36.57252248812233],[127.78871707603219,36.564848538029594],[127.79998253796373,36.54198171648301],[127.83915327410432,36.53663320635735],[127.88814253135274,36.47940155733596],[127.86003055156868,36.44224620190067],[127.85000532398647,36.36372386336558],[127.8673686057765,36.330702623027605],[127.83088504390957,36.29222951887715],[127.83687951098057,36.24471303997478]],[[127.87708377499621,36.25236115254512],[127.94901736905626,36.21944326409533]],[[127.83687951098057,36.24471303997478],[127.87708377499621,36.25236115254512]],[[128.00007368385343,36.229339301367645],[128.02270796140328,36.215851752256526],[128.03407677612222,36.16371023184172]],[[127.94901736905626,36.21944326409533],[128.00007368385343,36.229339301367645]],[[128.03407677612222,36.16371023184172],[127.98880822192189,36.16833527335416]],[[127.98880822192189,36.16833527335416],[127.96462365076081,36.15159210918847],[127.96824100102128,36.09456716574209],[127.9270032091307,36.02382213008724],[127.87760053893362,36.00736318586229]]]}},{"type":"Feature","properties":{"layer":"admin1","name":"Gangwon - North Gyeongsang","rank":6.0,"class":"Admin-1 boundary"},"geometry":{"type":"MultiLineString","coordinates":[[[128.80384891209758,37.092878323275954],[128.83113406778295,37.091173000933225],[128.84519005677566,37.07145844255308],[128.8818803242175,37.0610198020222],[128.88167361864248,37.02611237218821]],[[128.75599653461234,36.99603668944167],[128.75847700421036,37.064973049066964],[128.80384891209758,37.092878323275954]],[[128.9400679867481,37.053216660720295],[128.97169396400523,37.0390056420967]],[[128.88167361864248,37.02611237218821],[128.9400679867481,37.053216660720295]],[[128.98492312979852,37.0433206243473],[129.06099083895606,37.024510403532304]],[[128.97169396400523,37.0390056420967],[128.98492312979852,37.0433206243473]],[[129.11432091687675,37.04127940522034],[129.1797432799284,37.01985952449746],[129.1894584491481,36.99681183489827],[129.16579064282382,36.98265249311805]],[[129.06099083895606,37.024510403532304],[129.11432091687675,37.04127940522034]],[[128.65026655475765,37.02226247793101],[128.75599653461234,36.99603668944167]],[[129.16579064282382,36.98265249311805],[129.1366451360641,36.99187673592263]],[[129.1366451360641,36.99187673592263],[129.1008850437097,36.975934557433845],[129.09809451664853,36.91872874593486],[129.11866173664976,36.893820706160625],[129.1516313010436,36.88131500898044],[129.16837446520935,36.84162750890238],[129.21281619710976,36.82395416874988],[129.28609337830676,36.81956167303275],[129.2820626159969,36.79684988111711],[129.29849572180012,36.78287140649019],[129.27441450432582,36.731143297225344],[129.28898725815543,36.65608327931989],[129.2779285017989,36.632286281786435],[129.34717492068603,36.61174490020693]],[[129.37921430909307,36.6231395533477],[129.42261803539395,36.616644598269545]],[[129.34717492068603,36.61174490020693],[129.37921430909307,36.6231395533477]]]}},{"type":"Feature","properties":{"layer":"admin1","name":"North Gyeongsang - Ulsan","rank":6.0,"class":"Admin-1 boundary"},"geometry":{"type":"MultiLineString","coordinates":[[[129.1755058129429,35.682189236044394],[129.24464887904253,35.664050807898434],[129.25684451696088,35.62348480957627],[129.28599002461988,35.61268443473887]],[[129.00848758423456,35.57950816476995],[129.07370324081182,35.60790436539412],[129.08000776624533,35.61772288740133],[129.06491824757904,35.644646307880805],[129.09861128058606,35.66591115987211],[129.1755058129429,35.682189236044394]],[[129.37900760261869,35.626352851003276],[129.4581758971998,35.61059153876846]],[[129.28599002461988,35.61268443473887],[129.37900760261869,35.626352851003276]],[[129.4581758971998,35.61059153876846],[129.45905595576767,35.610784051242945]]]}},{"type":"Feature","properties":{"layer":"admin1","name":"South Jeolla - North Jeolla","rank":6.0,"class":"Admin-1 boundary"},"geometry":{"type":"MultiLineString","coordinates":[[[126.98008426317813,35.38259512046841],[126.93316206257907,35.43447825846482],[126.86691287632812,35.46202179656865]],[[126.86691287632812,35.46202179656865],[126.85027306494999,35.445898749127934]],[[126.85027306494999,35.445898749127934],[126.81637332636785,35.448611761823315]],[[126.81637332636785,35.448611761823315],[126.79125858011935,35.43021495215828],[126.79208540331865,35.403162340469635],[126.77027794806884,35.384222927546034],[126.77296512324176,35.36331981076063],[126.75136437356696,35.33978119654495],[126.59499149006513,35.29438345023601]],[[127.16394900883961,35.27991404919402],[127.12674197835952,35.284435737019635],[127.10266076088533,35.305390529749104],[127.10400434802216,35.33846344693052],[127.07754601463682,35.3757996695191],[127.08643436065722,35.404635117916314],[127.06628055180602,35.42969818822081]],[[127.06628055180602,35.42969818822081],[127.03682498578439,35.428380439505645],[127.01098677002335,35.382905177931605],[126.98008426317813,35.38259512046841]],[[126.59499149006513,35.29438345023601],[126.57008344939163,35.30123057712939],[126.5837260281337,35.39184520079539],[126.55489057793773,35.39817556375124]],[[126.55489057793773,35.39817556375124],[126.43690020088354,35.37056205749292]],[[127.61746137943908,35.27663259481835],[127.56041059757092,35.31422719982538],[127.49643517534298,35.33311493590554]],[[127.49643517534298,35.33311493590554],[127.43101281139207,35.290972805550496],[127.33024376803542,35.283221340192654]],[[127.33024376803542,35.283221340192654],[127.29345014870535,35.28376394345122],[127.2612040547233,35.30148895954784]],[[127.2612040547233,35.30148895954784],[127.24363406825762,35.29781993334325]],[[127.24363406825762,35.29781993334325],[127.22286014178212,35.29805247733992]],[[127.22286014178212,35.29805247733992],[127.16394900883961,35.27991404919402]]]}},{"type":"Feature","properties":{"layer":"admin1","name":"Gwangju - South Jeolla","rank":6.0,"class":"Admin-1 boundary"},"geometry":{"type":"LineString","coordinates":[[126.98556196541233,35.23877960919157],[126.93398888577838,35.25459259737045]]}},{"type":"Feature","properties":{"layer":"admin1","name":"Daegu - North Gyeongsang","rank":6.0,"class":"Admin-1 boundary"},"geometry":{"type":"MultiLineString","coordinates":[[[128.7413204288946,35.84881989202438],[128.76230106004584,35.87770701816436],[128.7597172376603,35.9104957145056],[128.7409070168453,35.927729804187095],[128.74597130703012,35.967572332996724],[128.69315799394622,36.00932689152279]],[[128.69315799394622,36.00932689152279],[128.57667931519813,35.999611721403824],[128.52965376181157,35.967985745046064],[128.53595828724508,35.92240713158384],[128.50805301303603,35.887448024906405],[128.52634646991362,35.883546453805764],[128.52448611883926,35.873572903066986],[128.47529015511657,35.846210232116505],[128.48128462128818,35.827735908085685],[128.56241661973115,35.76828217188472]],[[128.73377566911176,35.850628567154615],[128.7413204288946,35.84881989202438]],[[128.6887138213857,35.78812592237341],[128.7110380387744,35.7991071643641],[128.72437055915395,35.84995677268688],[128.73377566911176,35.850628567154615]],[[128.59859012323557,35.8029828961437],[128.6887138213857,35.78812592237341]],[[128.56241661973115,35.76828217188472],[128.59859012323557,35.8029828961437]]]}},{"type":"Feature","properties":{"layer":"admin1","name":"North Jeolla - South Gyeongsang","rank":6.0,"class":"Admin-1 boundary"},"geometry":{"type":"MultiLineString","coordinates":[[[127.79326460227958,35.80662608482595],[127.86757531135152,35.83419546225076],[127.91387739522554,35.887060452178105]],[[127.77962202443678,35.807814643231154],[127.79326460227958,35.80662608482595]],[[127.61746137943908,35.27663259481835],[127.63844201059021,35.29415090623934],[127.64650353431057,35.34559479376469],[127.68825809103805,35.386367499460505],[127.69425255720967,35.41380768477683],[127.66965457579795,35.440524400580614],[127.65477176270667,35.51333649288483],[127.6291402534199,35.52217316296105],[127.63017378129496,35.547339586053056],[127.69249555892281,35.67787425379373],[127.70655154791552,35.734821681975006],[127.77962202443678,35.807814643231154]]]}},{"type":"Feature","properties":{"layer":"admin1","name":"North Gyeongsang - South Gyeongsang","rank":6.0,"class":"Admin-1 boundary"},"geometry":{"type":"MultiLineString","coordinates":[[[127.91387739522554,35.887060452178105],[127.92193891804664,35.86483958577821],[127.96069624213783,35.84323883700273],[127.96555382674762,35.82724498077124],[128.07014692593987,35.80050242834437]],[[128.09846561129882,35.800709133020064],[128.12430382705998,35.79362946212996],[128.21649458185937,35.705107734434364],[128.2038855327911,35.65896068019123],[128.21959516818242,35.61276194910465],[128.281296828186,35.61064321471258]],[[128.07014692593987,35.80050242834437],[128.09846561129882,35.800709133020064]],[[128.5501176290253,35.64030548810774],[128.55838585832066,35.58501170542587],[128.61491987535192,35.543799750158314]],[[128.5023686061262,35.59712982807906],[128.5501176290253,35.64030548810774]],[[128.3114758646194,35.61410553624148],[128.42144331325824,35.579275620773274]],[[128.281296828186,35.61064321471258],[128.3114758646194,35.61410553624148]],[[128.47498009675405,35.601651515904734],[128.5023686061262,35.59712982807906]],[[128.42144331325824,35.579275620773274],[128.47498009675405,35.601651515904734]],[[128.91257612458844,35.5909544947541],[128.980478957238,35.57188589152065]],[[128.7897929222055,35.53018300983803],[128.91257612458844,35.5909544947541]],[[128.980478957238,35.57188589152065],[129.00848758423456,35.57950816476995]],[[128.68861046769882,35.55258474429047],[128.7897929222055,35.53018300983803]],[[128.61491987535192,35.543799750158314],[128.68861046769882,35.55258474429047]]]}},{"type":"Feature","properties":{"layer":"admin1","name":"Ulsan - South Gyeongsang","rank":6.0,"class":"Admin-1 boundary"},"geometry":{"type":"LineString","coordinates":[[129.00848758423456,35.57950816476995],[129.01272505122006,35.5397431503261],[128.98771365775906,35.49866038716709],[129.00269982273858,35.47395905206855],[129.06429812995464,35.46625926445347],[129.13344119695364,35.409880276153785],[129.20785525881308,35.37215647993759],[129.21457319629587,35.34440623625875],[129.23638064974716,35.326784572949634],[129.26883627587335,35.31572406201582]]}},{"type":"Feature","properties":{"layer":"admin1","name":"South Gyeongsang - South Jeolla","rank":6.0,"class":"Admin-1 boundary"},"geometry":{"type":"LineString","coordinates":[[127.61746137943908,35.27663259481835],[127.61208702999238,35.25482514136718],[127.64267947757583,35.20940155753584],[127.64691694635997,35.15625234586906],[127.7891304871822,35.007295030041576],[127.80499042177053,34.95714697475307]]}},{"type":"Feature","properties":{"layer":"admin1","name":"Busan - South Gyeongsang","rank":6.0,"class":"Admin-1 boundary"},"geometry":{"type":"MultiLineString","coordinates":[[[129.19927376687076,35.163639035413155],[129.1362317240148,35.21826406513446],[129.1127706241649,35.260509548277014],[129.06781212832698,35.27156830553287]],[[129.06781212832698,35.27156830553287],[129.01096805203395,35.23810781472383],[129.0005294133017,35.17904165304981],[128.96277764277397,35.13338599107061]]]}},{"type":"Feature","properties":{"layer":"admin1","name":"Gwangju - South Jeolla","rank":6.0,"class":"Admin-1 boundary"},"geometry":{"type":"LineString","coordinates":[[126.84448530525253,35.25076854153497],[126.82288455557773,35.23407705331334]]}},{"type":"Feature","properties":{"layer":"admin1","name":"P'yŏngyang - P'yŏngan-namdo","rank":6.0,"class":"Admin-1 boundary"},"geometry":{"type":"MultiLineString","coordinates":[[[125.86449344301798,39.160245673099325],[125.83483117142134,39.21504853026545],[125.7883223819723,39.22995717997986],[125.72186649014634,39.283183906012425]],[[125.72186649014634,39.283183906012425],[125.62016727080288,39.237114366135074],[125.6407344908041,39.1836292594827],[125.6343266125831,39.14678396330925],[125.6662626491019,39.124563096909355],[125.57861941875115,39.06516103845115],[125.58502729697216,38.98358978953712]],[[125.97280724525808,39.2044290234806],[125.9246448103097,39.23437551501797]],[[125.9246448103097,39.23437551501797],[125.87937625520999,39.21520355899702],[125.87441531781258,39.16399221546834],[125.86449344301798,39.160245673099325]],[[126.1046855001357,39.18189809781893],[126.04536095604328,39.23367788302784]],[[126.04536095604328,39.23367788302784],[126.02334679611772,39.21411835427858],[125.97280724525808,39.2044290234806]],[[126.18468061701685,39.15582733806116],[126.1380684747802,39.183319200220865]],[[126.1380684747802,39.183319200220865],[126.1046855001357,39.18189809781893]],[[126.3872522316052,38.93051809313545],[126.38218794231966,38.9820911727694],[126.33991661985613,39.05087250456239],[126.28751671792213,39.06048432099459],[126.25609744713938,39.08358368653791],[126.24080122289809,39.104512640845655],[126.23677046058822,39.14887685838028],[126.21475630066266,39.15872121790983]],[[126.21475630066266,39.15872121790983],[126.18468061701685,39.15582733806116]]]}},{"type":"Feature","properties":{"layer":"admin1","name":"P'yŏngan-namdo - P'yŏngyang","rank":6.0,"class":"Admin-1 boundary"},"geometry":{"type":"LineString","coordinates":[[125.57510542217744,38.78050141011198],[125.56766401608138,38.798484809526315],[125.52776981042837,38.82225596773867],[125.52218875540666,38.84613047873859],[125.5881278832951,38.89323354828957],[125.60445763631083,38.944599921449196],[125.58502729697216,38.98358978953712]]}},{"type":"Feature","properties":{"layer":"admin1","name":"Kangwŏn-do - P'yŏngan-namdo","rank":6.0,"class":"Admin-1 boundary"},"geometry":{"type":"LineString","coordinates":[[127.02524946459107,39.204403185058936],[127.06338667195735,39.16052989393944],[127.01367394429701,39.133632310982364],[126.98173790867747,39.06911428549586]]}},{"type":"Feature","properties":{"layer":"admin1","name":"Kangwŏn-do - Hwanghae-bukto","rank":6.0,"class":"Admin-1 boundary"},"geometry":{"type":"LineString","coordinates":[[126.89616335195706,38.20466926407528],[126.92179324786002,38.199296576575705],[126.94013424739751,38.17417257090739]]}},{"type":"Feature","properties":{"layer":"admin1","name":"Kangwŏn-do - Hwanghae-bukto","rank":6.0,"class":"Admin-1 boundary"},"geometry":{"type":"LineString","coordinates":[[126.87342410733663,38.22632335074201],[126.89616335195706,38.20466926407528]]}},{"type":"Feature","properties":{"layer":"admin1","name":"P'yŏngan-namdo - Hwanghae-bukto","rank":6.0,"class":"Admin-1 boundary"},"geometry":{"type":"MultiLineString","coordinates":[[[126.58496626158365,39.16758372730715],[126.62020958910125,39.140169379513225],[126.65162885988389,39.13526011805999]],[[126.60150272017438,38.97353872353324],[126.65958702991747,38.985837714239096],[126.56088504410945,39.119938056296235],[126.56057498574694,39.14717153603755],[126.58496626158365,39.16758372730715]],[[126.72190880664607,39.14680980083165],[126.92582400927051,39.063455715209045]],[[126.65162885988389,39.13526011805999],[126.72190880664607,39.14680980083165]],[[126.92582400927051,39.063455715209045],[126.98173790867747,39.06911428549586]],[[126.5147896667097,39.00234833440811],[126.60150272017438,38.97353872353324]],[[126.46921105414674,38.91124278432699],[126.49856326738086,38.924652818173],[126.48502404232568,38.97702688258454],[126.5147896667097,39.00234833440811]],[[126.3872522316052,38.93051809313545],[126.46921105414674,38.91124278432699]]]}},{"type":"Feature","properties":{"layer":"admin1","name":"Hwanghae-bukto - P'yŏngan-namdo","rank":6.0,"class":"Admin-1 boundary"},"geometry":{"type":"LineString","coordinates":[[125.57510542217744,38.78050141011198],[125.58058312441165,38.75316457848248],[125.61375939258187,38.72171946927807],[125.6300894153942,38.6590089390113]]}},{"type":"Feature","properties":{"layer":"admin1","name":"P'yŏngyang - Hwanghae-bukto","rank":6.0,"class":"Admin-1 boundary"},"geometry":{"type":"MultiLineString","coordinates":[[[126.19480919828584,38.98999766685881],[126.23625369665069,38.98317637838716],[126.28865359858469,38.95452179624385]],[[126.15512169820772,38.96963715333192],[126.19480919828584,38.98999766685881]],[[126.1400321804407,38.97563161950359],[126.15512169820772,38.96963715333192]],[[126.06355106013325,38.70469208427227],[126.10778608555938,38.71218516721166],[126.1427193538151,38.74523224507203],[126.21816694624749,38.778279323831725],[126.21124230408907,38.83564016406228],[126.17527550705893,38.876877956852184],[126.11832807797839,38.91341319376386],[126.1192582539652,38.95436676751228],[126.1400321804407,38.97563161950359]],[[126.30250288290165,38.95762238256685],[126.3872522316052,38.93051809313545]],[[126.28865359858469,38.95452179624385],[126.30250288290165,38.95762238256685]],[[125.73581912635154,38.841247057505655],[125.81684777200701,38.83543345848727],[125.91772016815116,38.794273180063215],[125.94304161997468,38.74574900990888],[126.06355106013325,38.70469208427227]],[[125.57510542217744,38.78050141011198],[125.73581912635154,38.841247057505655]]]}},{"type":"Feature","properties":{"layer":"admin1","name":"Hwanghae-bukto - Kangwŏn-do","rank":6.0,"class":"Admin-1 boundary"},"geometry":{"type":"MultiLineString","coordinates":[[[126.8476892443631,38.32745412930461],[126.78929487535811,38.355178534561674],[126.70692264166655,38.478762721722205],[126.7004114115573,38.513282578827955],[126.71167687438822,38.56966156712758],[126.67808719326933,38.61916758921285],[126.69431359259818,38.640251573151545],[126.7599426621241,38.657459825310696],[126.80014692613963,38.68567515698288],[126.86691287632812,38.777323310322515],[126.88189904220701,38.88917694845736],[126.90587690599432,38.903904731018486],[126.97160932830775,38.9110877546961],[127.00023807202933,38.93522064901373],[127.01853152890692,38.982375392710196],[126.98618208213736,39.03232066526647],[126.98173790867747,39.06911428549586]],[[126.87342410733663,38.22632335074201],[126.88220909967015,38.26849131951877],[126.86763634673991,38.29381277134229],[126.88055545507018,38.33918467922956]],[[126.88055545507018,38.33918467922956],[126.8476892443631,38.32745412930461]]]}},{"type":"Feature","properties":{"layer":"admin1","name":"P'yŏngan-namdo - P'yŏngan-bukto","rank":6.0,"class":"Admin-1 boundary"},"geometry":{"type":"MultiLineString","coordinates":[[[125.95846434598651,39.8],[125.90294070874666,39.75511892289995],[125.86211632710672,39.746695664873016],[125.81385053937083,39.68659597442468],[125.68786339697817,39.63316254281705]],[[125.68786339697817,39.63316254281705],[125.64920942567437,39.63646983471506]],[[125.64920942567437,39.63646983471506],[125.56218631384729,39.59709239389883],[125.45110079386654,39.57252356311193]]]}},{"type":"Feature","properties":{"layer":"admin1","name":"Hwanghae-bukto - Hwanghae-namdo","rank":6.0,"class":"Admin-1 boundary"},"geometry":{"type":"LineString","coordinates":[[126.39004275866637,38.02271820737934],[126.40141157428468,37.987526556705234],[126.39241987457751,37.92833120382198],[126.41102339071688,37.90758311576815],[126.40163755053243,37.88901477481198]]}},{"type":"Feature","properties":{"layer":"admin1","name":"Hwanghae-namdo - Hwanghae-bukto","rank":6.0,"class":"Admin-1 boundary"},"geometry":{"type":"MultiLineString","coordinates":[[[125.7584534039014,38.30908315716198],[125.74140018137325,38.31427663855601],[125.74946170509361,38.3321308458618],[125.70398644441877,38.36011363443663],[125.72517378114503,38.38478913021419],[125.69840539029644,38.42065257445671],[125.7002657413708,38.47250987403146],[125.6649190610658,38.53100759492452],[125.64723084702587,38.62855925610478]],[[125.9619551935773,38.16960846655746],[125.92175092956165,38.18133901648241],[125.90418094309598,38.23991425174131],[125.826976353276,38.318591619907295]],[[125.826976353276,38.318591619907295],[125.80506554613794,38.31086599387049]],[[125.80506554613794,38.31086599387049],[125.7826379741631,38.314535020075084]],[[125.7826379741631,38.314535020075084],[125.7584534039014,38.30908315716198]],[[126.4331409043292,38.11940481248212],[126.43634484343977,38.14426117631223],[126.40017133993535,38.194490667909974],[126.27211714089333,38.240766913362336]],[[126.27211714089333,38.240766913362336],[126.20617801300489,38.233015448903814],[126.15140099515975,38.203379014829636]],[[126.15140099515975,38.203379014829636],[126.13248742065787,38.20699636509016]],[[126.13248742065787,38.20699636509016],[126.07926069642394,38.18394867639029]],[[126.07926069642394,38.18394867639029],[126.03822960830973,38.190072332871864]],[[126.03822960830973,38.190072332871864],[125.9619551935773,38.16960846655746]],[[126.4113334490794,38.14746511542273],[126.4331409043292,38.11940481248212]],[[126.39004275866637,38.02271820737934],[126.39800092959922,38.038996284450945],[126.37484988811184,38.11149831839265],[126.4113334490794,38.14746511542273]]]}},{"type":"Feature","properties":{"layer":"admin1","name":"Hamgyŏng-namdo - P'yŏngan-namdo","rank":6.0,"class":"Admin-1 boundary"},"geometry":{"type":"MultiLineString","coordinates":[[[126.76222822850903,39.8],[126.71932498605918,39.72871226725732],[126.74816043535577,39.7163615988087],[126.75270796070379,39.701763007456805],[126.70413211460539,39.65489248280181],[126.71322716710006,39.59967621538499],[126.67260949103513,39.537354437757074],[126.73792850129928,39.46446483018775],[126.69762088359687,39.32535187388987],[126.73730838367487,39.297834174207765]],[[126.79632287030415,39.31447398468663],[126.82577843632578,39.30863454814585],[126.85616417923347,39.26979970968881]],[[126.73730838367487,39.297834174207765],[126.79632287030415,39.31447398468663]],[[126.89419803291287,39.28698212342624],[126.92603071484552,39.27018728331643],[126.92448042213368,39.220112820450254],[126.94360070221057,39.21137950316154]],[[126.85616417923347,39.26979970968881],[126.89419803291287,39.28698212342624]],[[126.97925743997882,39.21582367572205],[127.02524946459107,39.204403185058936]],[[126.94360070221057,39.21137950316154],[126.97925743997882,39.21582367572205]]]}},{"type":"Feature","properties":{"layer":"admin1","name":"Hamgyŏng-namdo - Kangwŏn-do","rank":6.0,"class":"Admin-1 boundary"},"geometry":{"type":"MultiLineString","coordinates":[[[127.2473547713056,39.41389944090645],[127.33003706335978,39.405346992569605]],[[127.19691857323357,39.407698269159766],[127.2473547713056,39.41389944090645]],[[127.1604350122659,39.41247833940383],[127.19691857323357,39.407698269159766]],[[127.02524946459107,39.204403185058936],[127.03940880727055,39.21907929077662],[127.03165734281208,39.26636322748095],[127.08581424393219,39.28884247539992],[127.10948205025636,39.383410346110566],[127.1604350122659,39.41247833940383]],[[127.41768029191189,39.41059214900844],[127.4380751343599,39.405172396388934]],[[127.4032108908699,39.409403591502496],[127.41768029191189,39.41059214900844]],[[127.37819949830816,39.41048879712025],[127.4032108908699,39.409403591502496]],[[127.33003706335978,39.405346992569605],[127.37819949830816,39.41048879712025]]]}},{"type":"Feature","properties":{"layer":"admin1","name":"Sejong - Daejeon","rank":0.0,"class":"Admin-1 boundary"},"geometry":{"type":"MultiLineString","coordinates":[[[127.32972700409789,36.48061595326362],[127.35256798722276,36.47906566055178]],[[127.21898978704894,36.456242251079004],[127.32972700409789,36.48061595326362]]]}},{"type":"Feature","properties":{"layer":"admin1","name":"Gwangju - South Jeolla","rank":6.0,"class":"Admin-1 boundary"},"geometry":{"type":"MultiLineString","coordinates":[[[126.93398888577838,35.25459259737045],[126.8803487485958,35.242991237755405]],[[126.8803487485958,35.242991237755405],[126.84448530525253,35.25076854153497]],[[126.96644168533544,35.15007701344342],[127.00581912615166,35.19304596609845],[126.98556196541233,35.23877960919157]],[[126.82288455557773,35.23407705331334],[126.85027306494999,35.18488109048991],[126.90474002533188,35.1581385362644],[126.96644168533544,35.15007701344342]]]}},{"type":"Feature","properties":{"layer":"admin1","name":"Gwangju - South Jeolla","rank":6.0,"class":"Admin-1 boundary"},"geometry":{"type":"MultiLineString","coordinates":[[[126.93398888577838,35.25459259737045],[126.8803487485958,35.242991237755405]],[[126.8803487485958,35.242991237755405],[126.84448530525253,35.25076854153497]],[[126.96644168533544,35.15007701344342],[127.00581912615166,35.19304596609845],[126.98556196541233,35.23877960919157]],[[126.82288455557773,35.23407705331334],[126.85027306494999,35.18488109048991],[126.90474002533188,35.1581385362644],[126.96644168533544,35.15007701344342]]]}},{"type":"Feature","properties":{"layer":"admin1","name":"Gyeonggi - Gangwon","rank":6.0,"class":"Admin-1 boundary"},"geometry":{"type":"LineString","coordinates":[[127.02110403096283,38.187760231236666],[126.96606463557441,38.21303801599163]]}},{"type":"Feature","properties":{"layer":"admin1","name":"Gyeonggi - Gangwon","rank":6.0,"class":"Admin-1 boundary"},"geometry":{"type":"MultiLineString","coordinates":[[[127.60702273980758,37.13135142742641],[127.76732303283165,37.40311778405845],[127.76918338390601,37.44805044237398],[127.83109175038396,37.50848603050588],[127.80484012257352,37.53396251106102],[127.72298465371875,37.54701080970108],[127.58872928292999,37.59641347899884]],[[127.58872928292999,37.59641347899884],[127.56196089118214,37.58969554331463],[127.5397400247823,37.6045783555067],[127.55648318894794,37.67775218391614],[127.5300248555626,37.67098257138855],[127.51813927600676,37.6831782093069],[127.54728478366576,37.71030833626071],[127.53436567623487,37.7463526467572],[127.53787967280857,37.79164704027869],[127.62066531765026,37.84053294473961],[127.62583296062257,37.88109894486041],[127.60216515519767,37.90977936542538],[127.56423465430578,37.91964956337665],[127.55028201720131,37.94920848218567],[127.50449669816408,37.94884674697977],[127.47865848240303,37.96375539849282],[127.44496544759727,38.0655321313028],[127.36641727064045,38.05757396126927],[127.29675743970404,38.08361888350464],[127.30709272744741,38.137879137412256],[127.23278201657672,38.10542633695587],[127.20022586513153,38.13932607733659],[127.17676476528163,38.07380036149749],[127.08230024555985,38.119947414841306]]]}},{"type":"Feature","properties":{"layer":"road","rank":5.0,"class":"Unknown"},"geometry":{"type":"LineString","coordinates":[[125.24869785794212,39.8],[125.25367432543071,39.78258236378994],[125.2701720142979,39.761960252705954]]}},{"type":"Feature","properties":{"layer":"road","rank":5.0,"class":"Unknown"},"geometry":{"type":"LineString","coordinates":[[125.9804925829298,39.8],[125.93007956898536,39.76608467492275],[125.91770630233498,39.74546256383877],[125.90945745790138,39.7083427638876],[125.897084191251,39.700093919454005]]}},{"type":"Feature","properties":{"layer":"road","rank":5.0,"class":"Unknown"},"geometry":{"type":"LineString","coordinates":[[125.2701720142979,39.761960252705954],[125.2619231698643,39.74958698605557],[125.23717663656352,39.74133814162197],[125.22892779212992,39.716591608321195],[125.22892779212992,39.68359623058682]]}},{"type":"Feature","properties":{"layer":"road","rank":3.0,"class":"Road"},"geometry":{"type":"LineString","coordinates":[[125.5217617695225,39.69596949723721],[125.55475714725686,39.69596949723721],[125.57125483612406,39.68359623058682]]}},{"type":"Feature","properties":{"layer":"road","rank":3.0,"class":"Road"},"geometry":{"type":"LineString","coordinates":[[124.88461264250162,39.8],[124.8907251703526,39.79083120822354],[124.91959612587017,39.778457941573144],[124.96908919247174,39.76608467492275],[125.03507994794049,39.68772065280361],[125.04745321459087,39.68359623058682],[125.08044859232525,39.68772065280361],[125.12169281449322,39.679471808370025],[125.17531030331158,39.68772065280361],[125.22892779212992,39.68359623058682]]}},{"type":"Feature","properties":{"layer":"road","rank":5.0,"class":"Unknown"},"geometry":{"type":"LineString","coordinates":[[125.897084191251,39.700093919454005],[125.8805865023838,39.679471808370025],[125.88471092460061,39.67534738615323]]}},{"type":"Feature","properties":{"layer":"road","rank":3.0,"class":"Road"},"geometry":{"type":"LineString","coordinates":[[125.22892779212992,39.68359623058682],[125.2784208587315,39.67122296393643],[125.30729181424907,39.67122296393643],[125.41040236966899,39.69184507502041],[125.5217617695225,39.69596949723721]]}},{"type":"Feature","properties":{"layer":"road","rank":3.0,"class":"Road"},"geometry":{"type":"LineString","coordinates":[[125.57125483612406,39.68359623058682],[125.60012579164163,39.638227586202056]]}},{"type":"Feature","properties":{"layer":"road","rank":3.0,"class":"Road"},"geometry":{"type":"LineString","coordinates":[[125.60012579164163,39.638227586202056],[125.61249905829202,39.61760547511807],[125.61249905829202,39.60523220846768]]}},{"type":"Feature","properties":{"layer":"road","rank":5.0,"class":"Unknown"},"geometry":{"type":"LineString","coordinates":[[125.88471092460061,39.67534738615323],[125.80222248026467,39.67122296393643],[125.77747594696389,39.65060085285244],[125.74860499144631,39.65060085285244],[125.60837463607523,39.58873451960049]]}},{"type":"Feature","properties":{"layer":"road","rank":3.0,"class":"Road"},"geometry":{"type":"LineString","coordinates":[[125.61249905829202,39.60523220846768],[125.60837463607523,39.58873451960049]]}},{"type":"Feature","properties":{"layer":"road","rank":5.0,"class":"Unknown"},"geometry":{"type":"LineString","coordinates":[[127.39580156965887,39.8],[127.35712965599703,39.75783583048916],[127.34063196712984,39.72896487497158],[127.32825870047945,39.68772065280361],[127.30351216717867,39.65884969728604],[127.2663923672275,39.638227586202056],[127.21689930062594,39.58873451960049],[127.20452603397555,39.547490297432525]]}},{"type":"Feature","properties":{"layer":"road","rank":5.0,"class":"Major Highway"},"geometry":{"type":"LineString","coordinates":[[125.88471092460061,39.67534738615323],[125.90533303568459,39.65060085285244],[125.90533303568459,39.61760547511807],[125.897084191251,39.60523220846768],[125.85996439129983,39.584610097383695],[125.85583996908304,39.53511703078214],[125.90533303568459,39.41963320871183]]}},{"type":"Feature","properties":{"layer":"road","rank":5.0,"class":"Unknown"},"geometry":{"type":"LineString","coordinates":[[125.90533303568459,39.41963320871183],[125.91358188011819,39.41550878649503]]}},{"type":"Feature","properties":{"layer":"road","rank":3.0,"class":"Road"},"geometry":{"type":"LineString","coordinates":[[125.60837463607523,39.58873451960049],[125.59187694720804,39.55986356408292],[125.58362810277444,39.51449491969815],[125.58362810277444,39.49387280861417],[125.61249905829202,39.427882053145424],[125.61249905829202,39.40725994206144],[125.60425021385844,39.386637830977456]]}},{"type":"Feature","properties":{"layer":"road","rank":5.0,"class":"Unknown"},"geometry":{"type":"LineString","coordinates":[[127.20452603397555,39.547490297432525],[127.20040161175875,39.48149954196378],[127.20452603397555,39.403135519844646],[127.22514814505953,39.37838898654386]]}},{"type":"Feature","properties":{"layer":"road","rank":3.0,"class":"Road"},"geometry":{"type":"LineString","coordinates":[[125.60425021385844,39.386637830977456],[125.57537925834085,39.312398231075115],[125.58362810277444,39.291776119991134]]}},{"type":"Feature","properties":{"layer":"road","rank":5.0,"class":"Major Highway"},"geometry":{"type":"LineString","coordinates":[[125.91358188011819,39.41550878649503],[125.92183072455178,39.403135519844646],[125.90945745790138,39.32477149772551],[125.8888353468174,39.29590054220793],[125.87233765795021,39.250531897823166]]}},{"type":"Feature","properties":{"layer":"road","rank":5.0,"class":"Unknown"},"geometry":{"type":"LineString","coordinates":[[126.42501023500097,39.27940285334074],[126.37139274618262,39.291776119991134],[126.33427294623145,39.26702958669035],[126.22291354637794,39.234034208955975]]}},{"type":"Feature","properties":{"layer":"road","rank":5.0,"class":"Unknown"},"geometry":{"type":"LineString","coordinates":[[126.63123134584082,39.22990978673918],[126.58586270145605,39.22166094230559],[126.49100099046973,39.24228305338957],[126.42501023500097,39.27940285334074]]}},{"type":"Feature","properties":{"layer":"road","rank":5.0,"class":"Unknown"},"geometry":{"type":"LineString","coordinates":[[126.7590884345615,39.2092876756552],[126.72609305682714,39.2010388312216],[126.66422672357518,39.22990978673918],[126.63123134584082,39.22990978673918]]}},{"type":"Feature","properties":{"layer":"road","rank":3.0,"class":"Road"},"geometry":{"type":"LineString","coordinates":[[125.58362810277444,39.291776119991134],[125.60837463607523,39.271154008907146],[125.65374328045999,39.250531897823166],[125.66199212489359,39.24228305338957],[125.67436539154397,39.2010388312216]]}},{"type":"Feature","properties":{"layer":"road","rank":5.0,"class":"Unknown"},"geometry":{"type":"LineString","coordinates":[[127.22514814505953,39.37838898654386],[127.28289005609469,39.29590054220793],[127.32825870047945,39.275278431123944],[127.36125407821383,39.196914409004805],[127.38187618929781,39.176292297920824]]}},{"type":"Feature","properties":{"layer":"road","rank":5.0,"class":"Unknown"},"geometry":{"type":"LineString","coordinates":[[127.38187618929781,39.176292297920824],[127.41899598924898,39.15567018683684]]}},{"type":"Feature","properties":{"layer":"road","rank":5.0,"class":"Unknown"},"geometry":{"type":"LineString","coordinates":[[126.22291354637794,39.234034208955975],[126.17342047977638,39.2010388312216],[126.16517163534279,39.18041672013762],[126.17754490199317,39.159794609053634],[126.15279836869239,39.13917249796965]]}},{"type":"Feature","properties":{"layer":"road","rank":5.0,"class":"Unknown"},"geometry":{"type":"LineString","coordinates":[[126.15279836869239,39.13917249796965],[126.140425102042,39.135048075752856]]}},{"type":"Feature","properties":{"layer":"road","rank":5.0,"class":"Unknown"},"geometry":{"type":"LineString","coordinates":[[127.41899598924898,39.15567018683684],[127.45611578920015,39.13092365353606]]}},{"type":"Feature","properties":{"layer":"road","rank":5.0,"class":"Unknown"},"geometry":{"type":"LineString","coordinates":[[127.13441085629,39.12267480910246],[127.11378874520602,39.151545764620046],[127.08904221190525,39.16391903127043],[127.03130030087009,39.16804345348723],[126.92818974545017,39.151545764620046],[126.8993187899326,39.15567018683684],[126.78383496786229,39.213412097871995],[126.7590884345615,39.2092876756552]]}},{"type":"Feature","properties":{"layer":"road","rank":5.0,"class":"Unknown"},"geometry":{"type":"LineString","coordinates":[[127.45611578920015,39.13092365353606],[127.50148443358492,39.114425964668875]]}},{"type":"Feature","properties":{"layer":"road","rank":4.0,"class":"Major Highway"},"geometry":{"type":"LineString","coordinates":[[127.13441085629,39.12267480910246],[127.1509085451572,39.11030154245208]]}},{"type":"Feature","properties":{"layer":"road","rank":5.0,"class":"Major Highway"},"geometry":{"type":"LineString","coordinates":[[125.87233765795021,39.250531897823166],[125.85583996908304,39.18866556457122],[125.83521785799904,39.18454114235442],[125.82284459134866,39.17216787570403],[125.79809805804787,39.13092365353606],[125.7651026803135,39.09380385358489],[125.74035614701272,39.077306164717704],[125.72798288036233,39.077306164717704]]}},{"type":"Feature","properties":{"layer":"road","rank":3.0,"class":"Road"},"geometry":{"type":"LineString","coordinates":[[125.67436539154397,39.2010388312216],[125.71560961371195,39.14329692018645],[125.72798288036233,39.077306164717704]]}},{"type":"Feature","properties":{"layer":"road","rank":4.0,"class":"Major Highway"},"geometry":{"type":"LineString","coordinates":[[127.1509085451572,39.11030154245208],[127.16328181180758,39.08967943136809],[127.20865045619234,39.0855550091513],[127.24577025614352,39.07318174250091],[127.31588543382907,39.0814305869345],[127.34063196712984,39.08967943136809],[127.37362734486422,39.135048075752856],[127.41899598924898,39.15567018683684]]}},{"type":"Feature","properties":{"layer":"road","rank":5.0,"class":"Unknown"},"geometry":{"type":"LineString","coordinates":[[127.50148443358492,39.114425964668875],[127.53447981131929,39.11030154245208],[127.58809730013765,39.12679923131926],[127.6375903667392,39.10205269801848],[127.69945669999116,39.097928275801685],[127.72420323329193,39.0855550091513],[127.7613230332431,39.04843520920013]]}},{"type":"Feature","properties":{"layer":"road","rank":5.0,"class":"Unknown"},"geometry":{"type":"LineString","coordinates":[[126.140425102042,39.135048075752856],[126.11567856874122,39.13092365353606],[126.0208168577549,39.151545764620046],[125.99607032445412,39.14742134240325],[125.97957263558693,39.14329692018645],[125.95895052450295,39.11030154245208],[125.90533303568459,39.10205269801848],[125.85583996908304,39.06493289806731],[125.81872016913186,39.05255963141692],[125.7733515247471,39.05668405363372],[125.73623172479593,39.040186364766534]]}},{"type":"Feature","properties":{"layer":"road","rank":3.0,"class":"Major Highway"},"geometry":{"type":"LineString","coordinates":[[125.72798288036233,39.077306164717704],[125.73623172479593,39.040186364766534]]}},{"type":"Feature","properties":{"layer":"road","rank":3.0,"class":"Road"},"geometry":{"type":"LineString","coordinates":[[125.73623172479593,39.040186364766534],[125.73623172479593,39.03193752033294]]}},{"type":"Feature","properties":{"layer":"road","rank":3.0,"class":"Road"},"geometry":{"type":"LineString","coordinates":[[125.71560961371195,39.036061942549736],[125.73623172479593,39.03193752033294]]}},{"type":"Feature","properties":{"layer":"road","rank":4.0,"class":"Major Highway"},"geometry":{"type":"LineString","coordinates":[[125.73623172479593,39.03193752033294],[125.7733515247471,39.02368867589934],[125.79809805804787,39.00719098703216],[125.80634690248147,38.99069329816497]]}},{"type":"Feature","properties":{"layer":"road","rank":4.0,"class":"Road"},"geometry":{"type":"LineString","coordinates":[[125.5135129250889,38.949449075997],[125.54650830282327,38.97007118708099],[125.57125483612406,38.97007118708099],[125.66199212489359,39.03193752033294],[125.71560961371195,39.036061942549736]]}},{"type":"Feature","properties":{"layer":"road","rank":5.0,"class":"Unknown"},"geometry":{"type":"LineString","coordinates":[[127.7613230332431,39.04843520920013],[127.81081609984467,39.01131540924896],[127.87268243309661,38.941200231563414],[127.8891801219638,38.899956009395446],[127.91392665526459,38.883458320528256]]}},{"type":"Feature","properties":{"layer":"road","rank":3.0,"class":"Major Highway"},"geometry":{"type":"LineString","coordinates":[[125.73623172479593,39.03193752033294],[125.7609782580967,38.998942142598565],[125.7651026803135,38.97007118708099],[125.78572479139748,38.93295138712982],[125.78984921361427,38.899956009395446],[125.7816003691807,38.85871178722748]]}},{"type":"Feature","properties":{"layer":"road","rank":4.0,"class":"Major Highway"},"geometry":{"type":"LineString","coordinates":[[125.80634690248147,38.99069329816497],[125.81047132469827,38.97007118708099],[125.80634690248147,38.949449075997],[125.82284459134866,38.92882696491302],[125.91358188011819,38.86696063166107],[125.96307494671974,38.85871178722748],[126.0125680133213,38.85871178722748],[126.09093203544045,38.8298408317099],[126.21466470194434,38.862836209444275],[126.25178450189551,38.825716409493104],[126.29715314628028,38.82159198727631]]}},{"type":"Feature","properties":{"layer":"road","rank":4.0,"class":"Road"},"geometry":{"type":"LineString","coordinates":[[125.3856558363682,38.75147680959076],[125.42690005853618,38.8298408317099],[125.43927332518656,38.883458320528256],[125.45577101405375,38.899956009395446],[125.49289081400492,38.91645369826263],[125.5135129250889,38.949449075997]]}},{"type":"Feature","properties":{"layer":"road","rank":5.0,"class":"Major Highway"},"geometry":{"type":"LineString","coordinates":[[126.97768281205174,38.73085469850678],[127.02305145643649,38.76797449845795],[127.05604683417087,38.8380896761435],[127.06017125638766,38.87108505387787],[127.08491778968845,38.93295138712982],[127.09316663412204,38.978320031514585],[127.1426597007236,39.08967943136809],[127.13441085629,39.12267480910246]]}},{"type":"Feature","properties":{"layer":"road","rank":4.0,"class":"Road"},"geometry":{"type":"LineString","coordinates":[[125.38153141415141,38.72260585407319],[125.3856558363682,38.75147680959076]]}},{"type":"Feature","properties":{"layer":"road","rank":4.0,"class":"Major Highway"},"geometry":{"type":"LineString","coordinates":[[126.29715314628028,38.82159198727631],[126.32602410179786,38.81334314284271],[126.36314390174903,38.79272103175873],[126.42088581278418,38.78034776510834],[126.44150792386816,38.76797449845795],[126.49512541268652,38.75972565402436],[126.63123134584082,38.71848143185639]]}},{"type":"Feature","properties":{"layer":"road","rank":4.0,"class":"Major Highway"},"geometry":{"type":"LineString","coordinates":[[126.63123134584082,38.71848143185639],[126.65597787914159,38.72260585407319],[126.68072441244237,38.74322796515717],[126.75496401234471,38.87520947609466],[126.78383496786229,38.90408043161224],[126.80858150116306,38.920578120479426],[126.85395014554783,38.93707580934662],[126.93231416766697,38.9576979204306],[126.99418050091892,38.99069329816497],[127.0189270342197,39.01131540924896],[127.08491778968845,39.10205269801848],[127.13441085629,39.12267480910246]]}},{"type":"Feature","properties":{"layer":"road","rank":5.0,"class":"Unknown"},"geometry":{"type":"LineString","coordinates":[[127.91392665526459,38.883458320528256],[127.99229067738372,38.8380896761435],[128.0376593217685,38.825716409493104],[128.09952565502044,38.79272103175873],[128.21088505487396,38.69785932077241]]}},{"type":"Feature","properties":{"layer":"road","rank":5.0,"class":"Unknown"},"geometry":{"type":"LineString","coordinates":[[126.94468743431736,38.68136163190522],[126.97768281205174,38.73085469850678]]}},{"type":"Feature","properties":{"layer":"road","rank":3.0,"class":"Major Highway"},"geometry":{"type":"LineString","coordinates":[[125.7816003691807,38.85871178722748],[125.79397363583108,38.809218720625914],[125.79397363583108,38.784472187325136],[125.7609782580967,38.648366254170845]]}},{"type":"Feature","properties":{"layer":"road","rank":5.0,"class":"Unknown"},"geometry":{"type":"LineString","coordinates":[[125.389780258585,38.668988365254826],[125.389780258585,38.64424183195405]]}},{"type":"Feature","properties":{"layer":"road","rank":5.0,"class":"Unknown"},"geometry":{"type":"LineString","coordinates":[[125.389780258585,38.64424183195405],[125.3856558363682,38.61949529865327],[125.36090930306743,38.60712203200288],[125.2784208587315,38.594748765352485]]}},{"type":"Feature","properties":{"layer":"road","rank":5.0,"class":"Unknown"},"geometry":{"type":"LineString","coordinates":[[126.8828211010654,38.49988705436616],[126.8828211010654,38.532882432100536],[126.90756763436619,38.62361972087007],[126.94468743431736,38.68136163190522]]}},{"type":"Feature","properties":{"layer":"road","rank":3.0,"class":"Major Highway"},"geometry":{"type":"LineString","coordinates":[[125.7609782580967,38.648366254170845],[125.75685383587991,38.631868565303655],[125.72385845814553,38.590624343135694],[125.74035614701272,38.49163820993257],[125.74860499144631,38.48338936549898]]}},{"type":"Feature","properties":{"layer":"road","rank":3.0,"class":"Major Highway"},"geometry":{"type":"LineString","coordinates":[[125.74860499144631,38.48338936549898],[125.78572479139748,38.47926494328218],[125.83109343578225,38.450393987764606],[125.85583996908304,38.44214514333101],[125.90120861346779,38.47101609884859],[125.94245283563576,38.46689167663179],[125.98369705780372,38.475140521065384],[126.05793665770607,38.450393987764606]]}},{"type":"Feature","properties":{"layer":"road","rank":3.0,"class":"Major Highway"},"geometry":{"type":"LineString","coordinates":[[126.05793665770607,38.450393987764606],[126.09093203544045,38.44214514333101],[126.1321762576084,38.4545184099814],[126.16517163534279,38.4545184099814],[126.20229143529396,38.43802072111421],[126.21466470194434,38.417398610030226]]}},{"type":"Feature","properties":{"layer":"road","rank":5.0,"class":"Unknown"},"geometry":{"type":"LineString","coordinates":[[126.82507919003025,38.36790554342867],[126.84570130111423,38.38852765451265],[126.87044783441502,38.42977187668062],[126.8828211010654,38.475140521065384],[126.8828211010654,38.49988705436616]]}},{"type":"Feature","properties":{"layer":"road","rank":5.0,"class":"Unknown"},"geometry":{"type":"LineString","coordinates":[[125.2784208587315,38.594748765352485],[125.22892779212992,38.574126654268504],[125.21655452547954,38.56175338761811],[125.16706145887798,38.46276725441499],[125.12581723671,38.450393987764606],[125.11756839227641,38.43802072111421],[125.10519512562603,38.417398610030226],[125.12994165892681,38.376154387862265],[125.12994165892681,38.35553227677828],[125.11344397005962,38.334910165694296]]}},{"type":"Feature","properties":{"layer":"road","rank":3.0,"class":"Major Highway"},"geometry":{"type":"LineString","coordinates":[[126.21466470194434,38.417398610030226],[126.22703796859473,38.396776498946245],[126.31777525736426,38.38027881007906],[126.34252179066505,38.36790554342867],[126.3878904350498,38.3266613212607]]}},{"type":"Feature","properties":{"layer":"road","rank":5.0,"class":"Unknown"},"geometry":{"type":"LineString","coordinates":[[126.68897325687597,38.31428805461031],[126.79620823451268,38.34728343234468],[126.81683034559666,38.35553227677828],[126.82507919003025,38.36790554342867]]}},{"type":"Feature","properties":{"layer":"road","rank":5.0,"class":"Unknown"},"geometry":{"type":"LineString","coordinates":[[125.06807532567485,38.240048454707974],[125.11344397005962,38.24829729914156]]}},{"type":"Feature","properties":{"layer":"road","rank":5.0,"class":"Unknown"},"geometry":{"type":"LineString","coordinates":[[125.11344397005962,38.334910165694296],[125.08457301454204,38.30603921017672],[125.06807532567485,38.240048454707974]]}},{"type":"Feature","properties":{"layer":"road","rank":5.0,"class":"Unknown"},"geometry":{"type":"LineString","coordinates":[[125.11344397005962,38.24829729914156],[125.16293703666118,38.22767518805758],[125.24130105878032,38.17818212145602]]}},{"type":"Feature","properties":{"layer":"road","rank":5.0,"class":"Unknown"},"geometry":{"type":"LineString","coordinates":[[126.44563234608496,38.16580885480563],[126.5074986793369,38.198804232540006],[126.54874290150488,38.23179961027438],[126.63123134584082,38.24829729914156],[126.66010230135839,38.29366594352633],[126.68897325687597,38.31428805461031]]}},{"type":"Feature","properties":{"layer":"road","rank":3.0,"class":"Major Highway"},"geometry":{"type":"LineString","coordinates":[[126.3878904350498,38.3266613212607],[126.41676139056739,38.297790365743126],[126.42501023500097,38.26479498800875],[126.42088581278418,38.23592403249118],[126.42501023500097,38.207053076973594],[126.44150792386816,38.18643096588961],[126.44563234608496,38.16580885480563]]}},{"type":"Feature","properties":{"layer":"road","rank":5.0,"class":"Unknown"},"geometry":{"type":"LineString","coordinates":[[128.23975601039152,38.124564632637664],[128.20263621044035,38.12868905485446],[128.19851178822356,38.124564632637664]]}},{"type":"Feature","properties":{"layer":"road","rank":5.0,"class":"Unknown"},"geometry":{"type":"LineString","coordinates":[[125.24130105878032,38.17818212145602],[125.31966508089945,38.15343558815524],[125.3856558363682,38.11631578820407]]}},{"type":"Feature","properties":{"layer":"road","rank":5.0,"class":"Unknown"},"geometry":{"type":"LineString","coordinates":[[128.62745169877041,38.0750715660361],[128.53671441000088,38.05857387716892],[128.5160922989169,38.0709471438193],[128.45010154344817,38.0750715660361],[128.23975601039152,38.124564632637664]]}},{"type":"Feature","properties":{"layer":"road","rank":5.0,"class":"Unknown"},"geometry":{"type":"LineString","coordinates":[[125.3856558363682,38.11631578820407],[125.45577101405375,38.0750715660361],[125.52588619173929,38.046200610518525]]}},{"type":"Feature","properties":{"layer":"road","rank":5.0,"class":"Unknown"},"geometry":{"type":"LineString","coordinates":[[125.52588619173929,38.046200610518525],[125.67024096932718,38.05032503273532],[125.74860499144631,38.029702921651335]]}},{"type":"Feature","properties":{"layer":"road","rank":5.0,"class":"Unknown"},"geometry":{"type":"LineString","coordinates":[[125.74860499144631,38.029702921651335],[125.83934228021585,37.99670754391696]]}},{"type":"Feature","properties":{"layer":"road","rank":5.0,"class":"Unknown"},"geometry":{"type":"LineString","coordinates":[[125.83934228021585,37.99670754391696],[125.85583996908304,37.99258312170017]]}},{"type":"Feature","properties":{"layer":"road","rank":5.0,"class":"Unknown"},"geometry":{"type":"LineString","coordinates":[[128.19851178822356,38.124564632637664],[128.18613852157316,38.11219136598727],[128.17376525492278,38.0709471438193],[128.10777449945402,37.988458699483374]]}},{"type":"Feature","properties":{"layer":"road","rank":5.0,"class":"Unknown"},"geometry":{"type":"LineString","coordinates":[[128.10777449945402,37.988458699483374],[128.08302796615325,37.967836588399386]]}},{"type":"Feature","properties":{"layer":"road","rank":3.0,"class":"Major Highway"},"geometry":{"type":"LineString","coordinates":[[126.44563234608496,38.16580885480563],[126.44975676830175,38.0709471438193],[126.49512541268652,38.03382734386813],[126.52812079042089,37.96371216618259]]}},{"type":"Feature","properties":{"layer":"road","rank":3.0,"class":"Road"},"geometry":{"type":"LineString","coordinates":[[126.52812079042089,37.96371216618259],[126.57761385702246,37.955463321749]]}},{"type":"Feature","properties":{"layer":"road","rank":5.0,"class":"Unknown"},"geometry":{"type":"LineString","coordinates":[[126.46625445716894,37.94309005509861],[126.47862772381933,37.93896563288181],[126.52812079042089,37.96371216618259]]}},{"type":"Feature","properties":{"layer":"road","rank":5.0,"class":"Unknown"},"geometry":{"type":"LineString","coordinates":[[125.85583996908304,37.99258312170017],[125.95895052450295,37.96371216618259],[125.99194590223732,37.93484121066501],[126.04968781327247,37.93484121066501],[126.12805183539162,37.910094677364235],[126.17754490199317,37.92246794401463],[126.21466470194434,37.91834352179783],[126.25178450189551,37.92246794401463],[126.2724066129795,37.94309005509861],[126.29715314628028,37.984334277266576],[126.31365083514747,37.988458699483374],[126.33839736844824,37.98020985504978],[126.37964159061622,37.984334277266576],[126.46625445716894,37.94309005509861]]}},{"type":"Feature","properties":{"layer":"road","rank":3.0,"class":"Road"},"geometry":{"type":"LineString","coordinates":[[126.57761385702246,37.955463321749],[126.66835114579197,37.94309005509861],[126.70547094574314,37.930716788448215],[126.70959536795995,37.88122372184666],[126.75496401234471,37.87709929962986],[126.7673372789951,37.86885045519627],[126.7714617012119,37.79048643307713]]}},{"type":"Feature","properties":{"layer":"road","rank":5.0,"class":"Unknown"},"geometry":{"type":"LineString","coordinates":[[128.62745169877041,38.0750715660361],[128.6439493876376,38.05444945495212],[128.68931803202236,38.03795176608493],[128.71406456532316,38.02145407721775],[128.73056225419035,37.99258312170017],[128.73881109862393,37.955463321749],[128.80892627630948,37.90597025514744],[128.83367280961025,37.83585507746189],[128.8914147206454,37.74511778869237]]}},{"type":"Feature","properties":{"layer":"road","rank":5.0,"class":"Unknown"},"geometry":{"type":"LineString","coordinates":[[128.08302796615325,37.967836588399386],[128.0170372106845,37.88534814406346],[127.99229067738372,37.8276062330283],[127.93042434413178,37.74099336647557]]}},{"type":"Feature","properties":{"layer":"road","rank":4.0,"class":"Major Highway"},"geometry":{"type":"LineString","coordinates":[[128.8914147206454,37.74511778869237],[128.83367280961025,37.72449567760838]]}},{"type":"Feature","properties":{"layer":"road","rank":5.0,"class":"Unknown"},"geometry":{"type":"LineString","coordinates":[[127.93042434413178,37.74099336647557],[127.88505569974701,37.69150029987401]]}},{"type":"Feature","properties":{"layer":"road","rank":5.0,"class":"Unknown"},"geometry":{"type":"LineString","coordinates":[[127.88505569974701,37.69150029987401],[127.87268243309661,37.68737587765721]]}},{"type":"Feature","properties":{"layer":"road","rank":5.0,"class":"Major Highway"},"geometry":{"type":"LineString","coordinates":[[127.87268243309661,37.68737587765721],[127.7654474554599,37.757491055342754],[127.7613230332431,37.76986432199315],[127.7654474554599,37.81523296637791],[127.74482534437593,37.872974877413064]]}},{"type":"Feature","properties":{"layer":"road","rank":5.0,"class":"Unknown"},"geometry":{"type":"LineString","coordinates":[[127.74482534437593,37.872974877413064],[127.71182996664155,37.86060161076267],[127.68295901112397,37.831730655245096],[127.60047056678803,37.8276062330283],[127.5303553891025,37.83585507746189],[127.48911116693452,37.8193573885947],[127.398373878165,37.74099336647557],[127.35712965599703,37.68737587765721],[127.35300523378024,37.65025607770604]]}},{"type":"Feature","properties":{"layer":"road","rank":4.0,"class":"Major Highway"},"geometry":{"type":"LineString","coordinates":[[128.83367280961025,37.72449567760838],[128.82129954295985,37.716246833174786],[128.7924285874423,37.716246833174786],[128.72643783197353,37.66675376657323],[128.50784345448332,37.63375838883886]]}},{"type":"Feature","properties":{"layer":"road","rank":4.0,"class":"Road"},"geometry":{"type":"LineString","coordinates":[[128.50784345448332,37.63375838883886],[128.49547018783292,37.63375838883886]]}},{"type":"Feature","properties":{"layer":"road","rank":5.0,"class":"Unknown"},"geometry":{"type":"LineString","coordinates":[[127.35300523378024,37.65025607770604],[127.34888081156343,37.637882811055654],[127.32000985604586,37.62963396662206],[127.17977950067477,37.621385122188464],[127.155032967374,37.60076301110448]]}},{"type":"Feature","properties":{"layer":"road","rank":4.0,"class":"Major Highway"},"geometry":{"type":"LineString","coordinates":[[128.49547018783292,37.63375838883886],[128.42535501014737,37.61313627775487],[128.4006084768466,37.59251416667089]]}},{"type":"Feature","properties":{"layer":"road","rank":5.0,"class":"Major Highway"},"geometry":{"type":"LineString","coordinates":[[127.155032967374,37.60076301110448],[127.10966432298923,37.58426532223729],[127.05192241195408,37.580140900020496],[126.99830492313572,37.55539436671972]]}},{"type":"Feature","properties":{"layer":"road","rank":5.0,"class":"Major Highway"},"geometry":{"type":"LineString","coordinates":[[127.05192241195408,37.74924221090916],[127.03130030087009,37.658504922139635],[127.00242934535251,37.60488743332128],[126.99830492313572,37.55539436671972]]}},{"type":"Feature","properties":{"layer":"road","rank":3.0,"class":"Major Highway"},"geometry":{"type":"LineString","coordinates":[[126.7714617012119,37.79048643307713],[126.78795939007908,37.75336663312596],[126.80858150116306,37.736868944258774],[126.83332803446385,37.695624722090805],[126.86219898998142,37.68737587765721],[126.87457225663182,37.65438049992284],[126.8951943677158,37.63375838883886],[126.9034432121494,37.61313627775487],[126.92406532323338,37.58838974445409],[126.97355838983493,37.55539436671972]]}},{"type":"Feature","properties":{"layer":"road","rank":4.0,"class":"Major Highway"},"geometry":{"type":"LineString","coordinates":[[129.08113814261804,37.55126994450292],[129.0481427648837,37.56776763337011],[128.99864969828212,37.60488743332128],[128.98215200941493,37.62550954440526],[128.97802758719814,37.637882811055654],[128.98215200941493,37.66675376657323],[128.97390316498135,37.695624722090805],[128.95328105389737,37.7079979887412],[128.899663565079,37.72449567760838],[128.8914147206454,37.74511778869237]]}},{"type":"Feature","properties":{"layer":"road","rank":3.0,"class":"Road"},"geometry":{"type":"LineString","coordinates":[[126.97355838983493,37.55539436671972],[126.98180723426853,37.54714552228612]]}},{"type":"Feature","properties":{"layer":"road","rank":5.0,"class":"Unknown"},"geometry":{"type":"LineString","coordinates":[[126.99830492313572,37.55539436671972],[126.99418050091892,37.53889667785253]]}},{"type":"Feature","properties":{"layer":"road","rank":5.0,"class":"Unknown"},"geometry":{"type":"LineString","coordinates":[[126.99418050091892,37.53889667785253],[126.99418050091892,37.53477225563574]]}},{"type":"Feature","properties":{"layer":"road","rank":3.0,"class":"Road"},"geometry":{"type":"LineString","coordinates":[[126.98180723426853,37.54714552228612],[126.99418050091892,37.53477225563574]]}},{"type":"Feature","properties":{"layer":"road","rank":5.0,"class":"Major Highway"},"geometry":{"type":"LineString","coordinates":[[127.95929529964936,37.51827456676855],[127.95517087743255,37.54714552228612],[127.94279761078216,37.56776763337011],[127.93454876634857,37.5760164778037],[127.89330454418061,37.58426532223729],[127.88505569974701,37.60488743332128],[127.88505569974701,37.69150029987401]]}},{"type":"Feature","properties":{"layer":"road","rank":4.0,"class":"Major Highway"},"geometry":{"type":"LineString","coordinates":[[126.98180723426853,37.54714552228612],[126.96943396761814,37.53477225563574],[126.92818974545017,37.51415014455175],[126.8951943677158,37.51002572233495]]}},{"type":"Feature","properties":{"layer":"road","rank":4.0,"class":"Major Highway"},"geometry":{"type":"LineString","coordinates":[[126.8951943677158,37.51002572233495],[126.70134652352635,37.505901300118154]]}},{"type":"Feature","properties":{"layer":"road","rank":5.0,"class":"Unknown"},"geometry":{"type":"LineString","coordinates":[[129.08113814261804,37.55126994450292],[129.11413352035242,37.48940361125097]]}},{"type":"Feature","properties":{"layer":"road","rank":5.0,"class":"Unknown"},"geometry":{"type":"LineString","coordinates":[[127.95104645521576,37.48527918903417],[127.95929529964936,37.51827456676855]]}},{"type":"Feature","properties":{"layer":"road","rank":4.0,"class":"Major Highway"},"geometry":{"type":"LineString","coordinates":[[126.70134652352635,37.505901300118154],[126.68897325687597,37.50177687790136],[126.68484883465916,37.48527918903417],[126.67247556800878,37.47290592238378],[126.6436046124912,37.46465707795019],[126.63123134584082,37.47290592238378]]}},{"type":"Feature","properties":{"layer":"road","rank":4.0,"class":"Major Highway"},"geometry":{"type":"LineString","coordinates":[[128.4006084768466,37.59251416667089],[128.34699098802824,37.543021100069325],[128.2768758103427,37.497652455684566],[128.19438736600677,37.46878150016698],[128.00053952181733,37.42753727799902],[127.96754414408295,37.39454190026465],[127.94279761078216,37.386293055831054]]}},{"type":"Feature","properties":{"layer":"road","rank":5.0,"class":"Major Highway"},"geometry":{"type":"LineString","coordinates":[[127.94279761078216,37.386293055831054],[127.97166856629974,37.460532655733395],[127.96341972186615,37.47703034460058],[127.95104645521576,37.48527918903417]]}},{"type":"Feature","properties":{"layer":"road","rank":5.0,"class":"Major Highway"},"geometry":{"type":"LineString","coordinates":[[127.93042434413178,37.34092441144629],[127.92629992191497,37.365670944747066],[127.94279761078216,37.386293055831054]]}},{"type":"Feature","properties":{"layer":"road","rank":4.0,"class":"Major Highway"},"geometry":{"type":"LineString","coordinates":[[127.94279761078216,37.386293055831054],[127.8891801219638,37.369795366963864],[127.86443358866303,37.35329767809668],[127.84381147757904,37.328551144795895]]}},{"type":"Feature","properties":{"layer":"road","rank":5.0,"class":"Unknown"},"geometry":{"type":"LineString","coordinates":[[127.93867318856536,37.324426722579105],[127.93042434413178,37.34092441144629]]}},{"type":"Feature","properties":{"layer":"road","rank":3.0,"class":"Major Highway"},"geometry":{"type":"LineString","coordinates":[[126.99418050091892,37.53477225563574],[127.03130030087009,37.497652455684566],[127.08079336747166,37.406915166915034],[127.09729105633883,37.35329767809668],[127.10141547855564,37.27905807819434]]}},{"type":"Feature","properties":{"layer":"road","rank":3.0,"class":"Road"},"geometry":{"type":"LineString","coordinates":[[127.10141547855564,37.27905807819434],[127.10141547855564,37.266684811543946]]}},{"type":"Feature","properties":{"layer":"road","rank":4.0,"class":"Major Highway"},"geometry":{"type":"LineString","coordinates":[[127.84381147757904,37.328551144795895],[127.79844283319427,37.266684811543946],[127.7736962998935,37.25018712267676],[127.74894976659272,37.246062700459966],[127.69533227777436,37.26256038932715],[127.6458392111728,37.25843596711035]]}},{"type":"Feature","properties":{"layer":"road","rank":4.0,"class":"Major Highway"},"geometry":{"type":"LineString","coordinates":[[127.6458392111728,37.25843596711035],[127.57159961127046,37.24193827824317],[127.48911116693452,37.25431154489356],[127.45611578920015,37.25018712267676]]}},{"type":"Feature","properties":{"layer":"road","rank":4.0,"class":"Major Highway"},"geometry":{"type":"LineString","coordinates":[[127.33650754491305,37.24193827824317],[127.25401910057711,37.246062700459966],[127.19627718954196,37.270809233760744],[127.15915738959079,37.27905807819434],[127.11378874520602,37.27493365597754],[127.10141547855564,37.27905807819434]]}},{"type":"Feature","properties":{"layer":"road","rank":4.0,"class":"Major Highway"},"geometry":{"type":"LineString","coordinates":[[127.45611578920015,37.25018712267676],[127.41487156703218,37.23781385602637],[127.33650754491305,37.24193827824317]]}},{"type":"Feature","properties":{"layer":"road","rank":5.0,"class":"Major Highway"},"geometry":{"type":"LineString","coordinates":[[128.09540123280365,37.147076567256846],[128.07065469950285,37.204818478292],[127.98816625516693,37.25843596711035],[127.96341972186615,37.28318250041114],[127.93867318856536,37.324426722579105]]}},{"type":"Feature","properties":{"layer":"road","rank":5.0,"class":"Major Highway"},"geometry":{"type":"LineString","coordinates":[[127.93867318856536,37.06046370070411],[127.97579298851653,37.08933465622169],[128.00466394403412,37.12645445617286],[128.0294104773349,37.14295214504005],[128.09540123280365,37.147076567256846]]}},{"type":"Feature","properties":{"layer":"road","rank":5.0,"class":"Unknown"},"geometry":{"type":"LineString","coordinates":[[129.11413352035242,37.48940361125097],[129.13063120921962,37.47290592238378],[129.1347556314364,37.43991054464941],[129.20899523133875,37.37804421139746],[129.22549292020594,37.35742210031348],[129.24199060907313,37.31205345592871],[129.31623020897547,37.23781385602637],[129.32860347562587,37.171823100557624],[129.35335000892664,37.08933465622169],[129.3904698088778,37.04809043405372],[129.38634538666102,37.00272178966896]]}},{"type":"Feature","properties":{"layer":"road","rank":3.0,"class":"Major Highway"},"geometry":{"type":"LineString","coordinates":[[127.10141547855564,37.266684811543946],[127.08491778968845,37.13470330060645],[127.1426597007236,36.99034852301857]]}},{"type":"Feature","properties":{"layer":"road","rank":5.0,"class":"Major Highway"},"geometry":{"type":"LineString","coordinates":[[127.93042434413178,36.940855456417005],[127.93042434413178,36.96560198971779],[127.8974289663974,37.00684621188576],[127.89330454418061,37.02746832296974],[127.905677810831,37.04809043405372],[127.93867318856536,37.06046370070411]]}},{"type":"Feature","properties":{"layer":"road","rank":5.0,"class":"Unknown"},"geometry":{"type":"LineString","coordinates":[[127.93042434413178,36.940855456417005],[127.80669167762787,36.957353145284195]]}},{"type":"Feature","properties":{"layer":"road","rank":5.0,"class":"Major Highway"},"geometry":{"type":"LineString","coordinates":[[127.98404183295013,36.89136238981545],[127.95104645521576,36.91610892311623],[127.93042434413178,36.940855456417005]]}},{"type":"Feature","properties":{"layer":"road","rank":5.0,"class":"Unknown"},"geometry":{"type":"LineString","coordinates":[[127.99641509960053,36.878989123165056],[127.98404183295013,36.89136238981545]]}},{"type":"Feature","properties":{"layer":"road","rank":3.0,"class":"Major Highway"},"geometry":{"type":"LineString","coordinates":[[127.1426597007236,36.99034852301857],[127.17565507845798,36.89136238981545],[127.17977950067477,36.86249143429787],[127.17565507845798,36.8253716343467]]}},{"type":"Feature","properties":{"layer":"road","rank":5.0,"class":"Unknown"},"geometry":{"type":"LineString","coordinates":[[127.1509085451572,36.81299836769631],[127.17565507845798,36.8253716343467]]}},{"type":"Feature","properties":{"layer":"road","rank":5.0,"class":"Unknown"},"geometry":{"type":"LineString","coordinates":[[127.13853527850681,36.804749523262714],[127.1509085451572,36.81299836769631]]}},{"type":"Feature","properties":{"layer":"road","rank":5.0,"class":"Unknown"},"geometry":{"type":"LineString","coordinates":[[127.80669167762787,36.957353145284195],[127.73657649994233,36.91610892311623],[127.69945669999116,36.92435776754982],[127.67058574447358,36.91198450089943],[127.6499636333896,36.895486812032246],[127.62109267787201,36.841869323213885],[127.57984845570405,36.79237625661233]]}},{"type":"Feature","properties":{"layer":"road","rank":5.0,"class":"Major Highway"},"geometry":{"type":"LineString","coordinates":[[127.00242934535251,36.759380878877955],[127.06017125638766,36.74700761222756],[127.07254452303806,36.75113203444436],[127.13028643407321,36.77587856774514],[127.13853527850681,36.804749523262714]]}},{"type":"Feature","properties":{"layer":"road","rank":5.0,"class":"Major Highway"},"geometry":{"type":"LineString","coordinates":[[126.85807456776463,36.722261078926785],[126.97355838983493,36.76762972331154],[127.00242934535251,36.759380878877955]]}},{"type":"Feature","properties":{"layer":"road","rank":5.0,"class":"Unknown"},"geometry":{"type":"LineString","coordinates":[[129.38634538666102,37.00272178966896],[129.3987186533114,36.96147756750099],[129.38634538666102,36.90786007868263],[129.43996287547938,36.78825183439553],[129.45233614212975,36.73875876779397],[129.43996287547938,36.697514545626]]}},{"type":"Feature","properties":{"layer":"road","rank":5.0,"class":"Unknown"},"geometry":{"type":"LineString","coordinates":[[126.82507919003025,36.685141278975614],[126.84157687889744,36.70988781227639],[126.85807456776463,36.722261078926785]]}},{"type":"Feature","properties":{"layer":"road","rank":5.0,"class":"Unknown"},"geometry":{"type":"LineString","coordinates":[[127.57984845570405,36.79237625661233],[127.55097750018648,36.759380878877955],[127.53860423353609,36.73875876779397],[127.5303553891025,36.705763390059595],[127.50560885580171,36.67276801232522]]}},{"type":"Feature","properties":{"layer":"road","rank":5.0,"class":"Unknown"},"geometry":{"type":"LineString","coordinates":[[127.50560885580171,36.67276801232522],[127.48498674471773,36.643897056807646],[127.48086232250093,36.62327494572366]]}},{"type":"Feature","properties":{"layer":"road","rank":5.0,"class":"Unknown"},"geometry":{"type":"LineString","coordinates":[[127.48086232250093,36.62327494572366],[127.3942494559482,36.61090167907327]]}},{"type":"Feature","properties":{"layer":"road","rank":3.0,"class":"Major Highway"},"geometry":{"type":"LineString","coordinates":[[127.17565507845798,36.8253716343467],[127.17153065624117,36.79650067882912],[127.17565507845798,36.77587856774514],[127.19627718954196,36.76762972331154],[127.21277487840915,36.74700761222756],[127.22927256727634,36.742883190010765],[127.24989467836032,36.74700761222756],[127.33238312269626,36.71401223449319],[127.36125407821383,36.681016856758816],[127.37775176708101,36.63152379015725],[127.3942494559482,36.61090167907327]]}},{"type":"Feature","properties":{"layer":"road","rank":5.0,"class":"Major Highway"},"geometry":{"type":"LineString","coordinates":[[126.71784421239354,36.60265283463968],[126.75083959012791,36.63977263459085],[126.81270592337987,36.664519167891626],[126.82507919003025,36.685141278975614]]}},{"type":"Feature","properties":{"layer":"road","rank":5.0,"class":"Major Highway"},"geometry":{"type":"LineString","coordinates":[[128.19026294378997,36.59440399020608],[128.1531431438388,36.62327494572366],[128.13252103275482,36.64802147902444],[128.09127681058683,36.71401223449319],[128.0129127884677,36.763505301094746],[128.0211616329013,36.784127412178734],[128.0211616329013,36.81712278991311],[127.99641509960053,36.85011816764748],[127.99641509960053,36.878989123165056]]}},{"type":"Feature","properties":{"layer":"road","rank":5.0,"class":"Unknown"},"geometry":{"type":"LineString","coordinates":[[128.44185269901456,36.63152379015725],[128.412981743497,36.627399367940455],[128.3841107879794,36.606777256856475],[128.35936425467864,36.59852841242288],[128.2768758103427,36.590279567989285],[128.19026294378997,36.59440399020608]]}},{"type":"Feature","properties":{"layer":"road","rank":5.0,"class":"Major Highway"},"geometry":{"type":"LineString","coordinates":[[126.67659999022557,36.58615514577249],[126.71784421239354,36.60265283463968]]}},{"type":"Feature","properties":{"layer":"road","rank":5.0,"class":"Unknown"},"geometry":{"type":"LineString","coordinates":[[128.54908767665128,36.5779063013389],[128.49134576561613,36.61502610129007],[128.44185269901456,36.63152379015725]]}},{"type":"Feature","properties":{"layer":"road","rank":5.0,"class":"Unknown"},"geometry":{"type":"LineString","coordinates":[[128.71818898753995,36.553159768038114],[128.65219823207119,36.5737818791221],[128.54908767665128,36.5779063013389]]}},{"type":"Feature","properties":{"layer":"road","rank":5.0,"class":"Major Highway"},"geometry":{"type":"LineString","coordinates":[[127.5303553891025,36.553159768038114],[127.50973327801852,36.60265283463968],[127.49323558915133,36.62327494572366],[127.48086232250093,36.62327494572366]]}},{"type":"Feature","properties":{"layer":"road","rank":5.0,"class":"Major Highway"},"geometry":{"type":"LineString","coordinates":[[127.5303553891025,36.553159768038114],[127.52623096688569,36.544910923604526]]}},{"type":"Feature","properties":{"layer":"road","rank":3.0,"class":"Major Highway"},"geometry":{"type":"LineString","coordinates":[[127.3942494559482,36.61090167907327],[127.41487156703218,36.54078650138773]]}},{"type":"Feature","properties":{"layer":"road","rank":5.0,"class":"Unknown"},"geometry":{"type":"LineString","coordinates":[[129.04401834266687,36.52428881252054],[129.0233962315829,36.52428881252054],[128.99452527606533,36.54078650138773],[128.96977874276453,36.544910923604526],[128.81717512074306,36.53666207917093],[128.71818898753995,36.553159768038114]]}},{"type":"Feature","properties":{"layer":"road","rank":5.0,"class":"Unknown"},"geometry":{"type":"LineString","coordinates":[[129.08938698705165,36.507791123653355],[129.06876487596767,36.52016439030374],[129.04401834266687,36.52428881252054]]}},{"type":"Feature","properties":{"layer":"road","rank":5.0,"class":"Major Highway"},"geometry":{"type":"LineString","coordinates":[[127.52623096688569,36.544910923604526],[127.53860423353609,36.544910923604526],[127.58809730013765,36.50366670143656],[127.60871941122163,36.454173634834994],[127.64171478895601,36.46242247926859],[127.69120785555756,36.46242247926859],[127.72007881107514,36.48304459035257]]}},{"type":"Feature","properties":{"layer":"road","rank":3.0,"class":"Major Highway"},"geometry":{"type":"LineString","coordinates":[[127.41487156703218,36.54078650138773],[127.41899598924898,36.52016439030374],[127.41074714481539,36.4459247904014]]}},{"type":"Feature","properties":{"layer":"road","rank":5.0,"class":"Major Highway"},"geometry":{"type":"LineString","coordinates":[[128.19026294378997,36.59440399020608],[128.18613852157316,36.569657456905304],[128.16551641048918,36.54903534582132],[128.1572675660556,36.528413234737336],[128.1531431438388,36.50366670143656],[128.16139198827238,36.4500492126182],[128.1531431438388,36.40468056823344]]}},{"type":"Feature","properties":{"layer":"road","rank":3.0,"class":"Major Highway"},"geometry":{"type":"LineString","coordinates":[[127.41074714481539,36.4459247904014],[127.41487156703218,36.39643172379984]]}},{"type":"Feature","properties":{"layer":"road","rank":3.0,"class":"Major Highway"},"geometry":{"type":"LineString","coordinates":[[127.41487156703218,36.39643172379984],[127.3942494559482,36.39643172379984]]}},{"type":"Feature","properties":{"layer":"road","rank":5.0,"class":"Unknown"},"geometry":{"type":"LineString","coordinates":[[129.43996287547938,36.697514545626],[129.43171403104577,36.67689243454202],[129.406967497745,36.64802147902444],[129.3987186533114,36.61502610129007],[129.4110919199618,36.46654690148539],[129.406967497745,36.4459247904014],[129.3780965422274,36.39643172379984]]}},{"type":"Feature","properties":{"layer":"road","rank":5.0,"class":"Unknown"},"geometry":{"type":"LineString","coordinates":[[129.3780965422274,36.39643172379984],[129.36159885336022,36.40880499045023],[129.33685232005945,36.412929412667026],[129.32447905340905,36.40468056823344],[129.2502394535067,36.42530267931742],[129.22136849798915,36.43767594596781],[129.19249754247156,36.46654690148539],[129.12238236478603,36.47479574591898],[129.08938698705165,36.507791123653355]]}},{"type":"Feature","properties":{"layer":"road","rank":5.0,"class":"Major Highway"},"geometry":{"type":"LineString","coordinates":[[127.72007881107514,36.48304459035257],[127.74070092215912,36.48304459035257],[127.80669167762787,36.42530267931742],[127.83143821092865,36.42530267931742],[127.87268243309661,36.43767594596781],[127.94279761078216,36.429427101534216],[127.96754414408295,36.433551523751014],[127.99229067738372,36.42117825710062],[128.0087883662509,36.40055614601664],[128.0376593217685,36.38818287936625],[128.07477912171967,36.38405845714945],[128.1531431438388,36.40468056823344]]}},{"type":"Feature","properties":{"layer":"road","rank":3.0,"class":"Major Highway"},"geometry":{"type":"LineString","coordinates":[[127.3942494559482,36.39643172379984],[127.35300523378024,36.392307301583045],[127.31588543382907,36.375809612715855]]}},{"type":"Feature","properties":{"layer":"road","rank":3.0,"class":"Road"},"geometry":{"type":"LineString","coordinates":[[127.31588543382907,36.375809612715855],[127.31588543382907,36.35931192384867]]}},{"type":"Feature","properties":{"layer":"road","rank":5.0,"class":"Major Highway"},"geometry":{"type":"LineString","coordinates":[[126.59823596810644,36.35106307941508],[126.57761385702246,36.40468056823344],[126.59411154588965,36.43767594596781],[126.60648481254003,36.49541785700296],[126.63535576805761,36.55728419025491],[126.67659999022557,36.58615514577249]]}},{"type":"Feature","properties":{"layer":"road","rank":3.0,"class":"Major Highway"},"geometry":{"type":"LineString","coordinates":[[127.31588543382907,36.35931192384867],[127.32000985604586,36.338689812764684],[127.30351216717867,36.3221921238975],[127.29526332274509,36.26445021286235]]}},{"type":"Feature","properties":{"layer":"road","rank":3.0,"class":"Major Highway"},"geometry":{"type":"LineString","coordinates":[[127.41487156703218,36.39643172379984],[127.41487156703218,36.375809612715855],[127.43136925589937,36.35931192384867],[127.45611578920015,36.35106307941508],[127.50560885580171,36.34693865719828],[127.54272865575288,36.3304409683311],[127.56335076683686,36.30981885724711],[127.59222172235444,36.293321168379926],[127.63346594452241,36.276823479512736],[127.70770554442475,36.26032579064555],[127.78606956654389,36.276823479512736],[127.83143821092865,36.25207694621196]]}},{"type":"Feature","properties":{"layer":"road","rank":5.0,"class":"Unknown"},"geometry":{"type":"LineString","coordinates":[[129.3780965422274,36.39643172379984],[129.38634538666102,36.355187501631875],[129.3822209644442,36.3263165461143],[129.36159885336022,36.29744559059672],[129.36572327557704,36.23557925734477],[129.36159885336022,36.1984594573936]]}},{"type":"Feature","properties":{"layer":"road","rank":3.0,"class":"Major Highway"},"geometry":{"type":"LineString","coordinates":[[127.83143821092865,36.25207694621196],[127.86030916644623,36.22320599069438],[127.90980223304778,36.1984594573936]]}},{"type":"Feature","properties":{"layer":"road","rank":3.0,"class":"Major Highway"},"geometry":{"type":"LineString","coordinates":[[127.90980223304778,36.1984594573936],[127.97579298851653,36.20670830182719],[127.98816625516693,36.202583879610394],[128.0129127884677,36.16958850187602],[128.0376593217685,36.14896639079204],[128.07890354393646,36.13246870192485],[128.11189892167081,36.12834427970805]]}},{"type":"Feature","properties":{"layer":"road","rank":5.0,"class":"Major Highway"},"geometry":{"type":"LineString","coordinates":[[126.67659999022557,36.062353524239306],[126.65597787914159,36.0747267908897],[126.6436046124912,36.09534890197368],[126.61473365697363,36.103597746407274],[126.60648481254003,36.11184659084087],[126.61060923475682,36.157215235225635],[126.60648481254003,36.17371292409282],[126.57761385702246,36.22733041291118],[126.59823596810644,36.35106307941508]]}},{"type":"Feature","properties":{"layer":"road","rank":5.0,"class":"Unknown"},"geometry":{"type":"LineString","coordinates":[[129.36159885336022,36.1984594573936],[129.35335000892664,36.18196176852641],[129.34510116449303,36.11184659084087],[129.35335000892664,36.05822910202251]]}},{"type":"Feature","properties":{"layer":"road","rank":5.0,"class":"Major Highway"},"geometry":{"type":"LineString","coordinates":[[126.68897325687597,36.041731413155325],[126.67659999022557,36.062353524239306]]}},{"type":"Feature","properties":{"layer":"road","rank":5.0,"class":"Unknown"},"geometry":{"type":"LineString","coordinates":[[129.35335000892664,36.05822910202251],[129.35747443114343,36.00873603542095]]}},{"type":"Feature","properties":{"layer":"road","rank":5.0,"class":"Major Highway"},"geometry":{"type":"LineString","coordinates":[[126.69722210130956,36.004611613204155],[126.68897325687597,36.041731413155325]]}},{"type":"Feature","properties":{"layer":"road","rank":5.0,"class":"Unknown"},"geometry":{"type":"LineString","coordinates":[[129.25436387572353,35.95924296881939],[129.27086156459072,35.97161623546978],[129.32035463119226,35.988113924336965],[129.35747443114343,36.00873603542095]]}},{"type":"Feature","properties":{"layer":"road","rank":5.0,"class":"Unknown"},"geometry":{"type":"LineString","coordinates":[[126.82920361224706,35.93862085773541],[126.81270592337987,35.942745279952206]]}},{"type":"Feature","properties":{"layer":"road","rank":5.0,"class":"Major Highway"},"geometry":{"type":"LineString","coordinates":[[126.81270592337987,35.942745279952206],[126.69309767909276,35.967491813252984],[126.66835114579197,35.95924296881939],[126.6436046124912,35.93449643551861],[126.62710692362401,35.90150105778424]]}},{"type":"Feature","properties":{"layer":"road","rank":3.0,"class":"Major Highway"},"geometry":{"type":"LineString","coordinates":[[127.29526332274509,36.26445021286235],[127.27464121166109,36.219081568477584],[127.21689930062594,36.16133965744243],[127.10966432298923,36.09534890197368],[127.09729105633883,36.041731413155325],[127.10141547855564,35.99223834655376],[127.09729105633883,35.942745279952206],[127.08904221190525,35.91387432443463],[127.06429567860447,35.889127791133845]]}},{"type":"Feature","properties":{"layer":"road","rank":5.0,"class":"Major Highway"},"geometry":{"type":"LineString","coordinates":[[126.94468743431736,35.88500336891705],[126.8993187899326,35.91799874665142],[126.82920361224706,35.93862085773541]]}},{"type":"Feature","properties":{"layer":"road","rank":3.0,"class":"Road"},"geometry":{"type":"LineString","coordinates":[[128.53671441000088,35.88087894670025],[128.54908767665128,35.88500336891705]]}},{"type":"Feature","properties":{"layer":"road","rank":3.0,"class":"Major Highway"},"geometry":{"type":"LineString","coordinates":[[128.11189892167081,36.12834427970805],[128.1448942994052,36.12421985749126],[128.19851178822356,36.15309081300884],[128.22325832152433,36.157215235225635],[128.26450254369232,36.15309081300884],[128.33874214359466,36.12421985749126],[128.35523983246185,36.09534890197368],[128.35936425467864,36.0706023686729],[128.3964840546298,36.05822910202251],[128.46659923231533,35.89737663556744],[128.50784345448332,35.87675452448346],[128.53671441000088,35.88087894670025]]}},{"type":"Feature","properties":{"layer":"road","rank":3.0,"class":"Major Highway"},"geometry":{"type":"LineString","coordinates":[[128.54908767665128,35.88500336891705],[128.57795863216884,35.89737663556744],[128.61507843212001,35.89325221335064],[128.70169129867276,35.86438125783307]]}},{"type":"Feature","properties":{"layer":"road","rank":3.0,"class":"Road"},"geometry":{"type":"LineString","coordinates":[[128.70169129867276,35.86438125783307],[128.71818898753995,35.86025683561627]]}},{"type":"Feature","properties":{"layer":"road","rank":3.0,"class":"Major Highway"},"geometry":{"type":"LineString","coordinates":[[127.06429567860447,35.889127791133845],[127.05192241195408,35.87263010226666],[127.05192241195408,35.852007991182674]]}},{"type":"Feature","properties":{"layer":"road","rank":5.0,"class":"Major Highway"},"geometry":{"type":"LineString","coordinates":[[127.05192241195408,35.852007991182674],[126.99418050091892,35.85613241339947],[126.96530954540134,35.86438125783307],[126.94468743431736,35.88500336891705]]}},{"type":"Feature","properties":{"layer":"road","rank":5.0,"class":"Major Highway"},"geometry":{"type":"LineString","coordinates":[[127.06017125638766,35.852007991182674],[127.05192241195408,35.852007991182674]]}},{"type":"Feature","properties":{"layer":"road","rank":5.0,"class":"Unknown"},"geometry":{"type":"LineString","coordinates":[[129.25436387572353,35.95924296881939],[129.24199060907313,35.88500336891705],[129.22549292020594,35.83551030231549]]}},{"type":"Feature","properties":{"layer":"road","rank":5.0,"class":"Major Highway"},"geometry":{"type":"LineString","coordinates":[[127.13853527850681,35.79426608014752],[127.12616201185641,35.79839050236432],[127.09729105633883,35.83138588009869],[127.06017125638766,35.852007991182674]]}},{"type":"Feature","properties":{"layer":"road","rank":4.0,"class":"Major Highway"},"geometry":{"type":"LineString","coordinates":[[128.53671441000088,35.88087894670025],[128.5243411433505,35.8148881912315],[128.4995946100497,35.78601723571393],[128.47897249896573,35.78189281349713]]}},{"type":"Feature","properties":{"layer":"road","rank":3.0,"class":"Major Highway"},"geometry":{"type":"LineString","coordinates":[[127.05192241195408,35.852007991182674],[127.03954914530368,35.80251492458112],[127.01480261200291,35.790141657930725],[126.99830492313572,35.77364396906354]]}},{"type":"Feature","properties":{"layer":"road","rank":5.0,"class":"Unknown"},"geometry":{"type":"LineString","coordinates":[[129.22549292020594,35.83551030231549],[129.22136849798915,35.8231370356651],[129.22961734242273,35.8148881912315],[129.18424869803798,35.77364396906354]]}},{"type":"Feature","properties":{"layer":"road","rank":3.0,"class":"Major Highway"},"geometry":{"type":"LineString","coordinates":[[128.71818898753995,35.86025683561627],[128.74293552084072,35.852007991182674],[128.78417974300868,35.852007991182674],[128.86254376512784,35.868505680049864],[128.92853452059657,35.89325221335064],[128.95328105389737,35.89737663556744],[128.99040085384854,35.89325221335064],[129.06051603153406,35.83963472453229],[129.1347556314364,35.79839050236432],[129.17187543138758,35.78601723571393],[129.18424869803798,35.77364396906354]]}},{"type":"Feature","properties":{"layer":"road","rank":5.0,"class":"Major Highway"},"geometry":{"type":"LineString","coordinates":[[127.43549367811617,35.78601723571393],[127.398373878165,35.76539512462995],[127.35300523378024,35.78601723571393],[127.32413427826266,35.78189281349713],[127.30351216717867,35.790141657930725],[127.28701447831149,35.8231370356651],[127.2705167894443,35.843759146749086],[127.25814352279392,35.84788356896588],[127.23339698949313,35.83963472453229],[127.16740623402438,35.79839050236432],[127.13853527850681,35.79426608014752]]}},{"type":"Feature","properties":{"layer":"road","rank":5.0,"class":"Major Highway"},"geometry":{"type":"LineString","coordinates":[[127.60459498900484,35.715902058028384],[127.55922634462007,35.74477301354596],[127.5303553891025,35.74477301354596],[127.46436463363375,35.78601723571393],[127.43549367811617,35.78601723571393]]}},{"type":"Feature","properties":{"layer":"road","rank":4.0,"class":"Major Highway"},"geometry":{"type":"LineString","coordinates":[[128.47897249896573,35.78189281349713],[128.37998636576262,35.77364396906354],[128.33874214359466,35.74889743576276],[128.3016223436435,35.6994043691612],[128.2603781214755,35.703528791378]]}},{"type":"Feature","properties":{"layer":"road","rank":3.0,"class":"Major Highway"},"geometry":{"type":"LineString","coordinates":[[126.99830492313572,35.77364396906354],[126.98593165648532,35.76127070241315],[126.96118512318455,35.68703110251081],[126.94056301210057,35.654035724776435]]}},{"type":"Feature","properties":{"layer":"road","rank":4.0,"class":"Major Highway"},"geometry":{"type":"LineString","coordinates":[[128.2603781214755,35.703528791378],[128.17376525492278,35.711777635811586],[128.05415701063566,35.6952799469444],[128.00466394403412,35.6994043691612],[127.97991741073334,35.68703110251081],[127.95104645521576,35.654035724776435]]}},{"type":"Feature","properties":{"layer":"road","rank":5.0,"class":"Major Highway"},"geometry":{"type":"LineString","coordinates":[[127.905677810831,35.674657835860415],[127.93454876634857,35.67053341364362],[127.95104645521576,35.654035724776435]]}},{"type":"Feature","properties":{"layer":"road","rank":3.0,"class":"Road"},"geometry":{"type":"LineString","coordinates":[[126.94056301210057,35.654035724776435],[126.93643858988376,35.64991130255964]]}},{"type":"Feature","properties":{"layer":"road","rank":5.0,"class":"Major Highway"},"geometry":{"type":"LineString","coordinates":[[127.905677810831,35.674657835860415],[127.83556263314544,35.66640899142683],[127.82318936649506,35.65816014699323],[127.80256725541108,35.61279150260847]]}},{"type":"Feature","properties":{"layer":"road","rank":5.0,"class":"Major Highway"},"geometry":{"type":"LineString","coordinates":[[127.80256725541108,35.61279150260847],[127.72007881107514,35.62928919147566],[127.69533227777436,35.68703110251081],[127.6458392111728,35.711777635811586],[127.60459498900484,35.715902058028384]]}},{"type":"Feature","properties":{"layer":"road","rank":3.0,"class":"Major Highway"},"geometry":{"type":"LineString","coordinates":[[126.93643858988376,35.64991130255964],[126.83332803446385,35.5715472804405]]}},{"type":"Feature","properties":{"layer":"road","rank":3.0,"class":"Major Highway"},"geometry":{"type":"LineString","coordinates":[[129.18424869803798,35.77364396906354],[129.18837312025477,35.74889743576276],[129.18424869803798,35.654035724776435],[129.1471288980868,35.55917401379011]]}},{"type":"Feature","properties":{"layer":"road","rank":5.0,"class":"Unknown"},"geometry":{"type":"LineString","coordinates":[[129.34097674227624,35.55092516935652],[129.33272789784266,35.54680074713972]]}},{"type":"Feature","properties":{"layer":"road","rank":5.0,"class":"Unknown"},"geometry":{"type":"LineString","coordinates":[[129.33272789784266,35.54680074713972],[129.32860347562587,35.54267632492292]]}},{"type":"Feature","properties":{"layer":"road","rank":4.0,"class":"Major Highway"},"geometry":{"type":"LineString","coordinates":[[127.95104645521576,35.654035724776435],[127.91805107748138,35.59629381374128],[127.90155338861419,35.575671702657296],[127.87680685531342,35.55917401379011],[127.77782072211029,35.54267632492292]]}},{"type":"Feature","properties":{"layer":"road","rank":4.0,"class":"Major Highway"},"geometry":{"type":"LineString","coordinates":[[128.47897249896573,35.78189281349713],[128.47897249896573,35.732399746895574],[128.44597712123135,35.68290668029401],[128.43772827679777,35.64991130255964],[128.47072365453215,35.59629381374128],[128.48309692118252,35.53030305827253]]}},{"type":"Feature","properties":{"layer":"road","rank":5.0,"class":"Unknown"},"geometry":{"type":"LineString","coordinates":[[129.32860347562587,35.54267632492292],[129.2914836756747,35.52617863605574]]}},{"type":"Feature","properties":{"layer":"road","rank":5.0,"class":"Unknown"},"geometry":{"type":"LineString","coordinates":[[129.2914836756747,35.52617863605574],[129.2502394535067,35.538551902706125],[129.163626586954,35.55092516935652],[129.1471288980868,35.55917401379011]]}},{"type":"Feature","properties":{"layer":"road","rank":4.0,"class":"Major Highway"},"geometry":{"type":"LineString","coordinates":[[127.77782072211029,35.54267632492292],[127.69533227777436,35.555049591573315],[127.67058574447358,35.55092516935652],[127.62934152230561,35.538551902706125],[127.60871941122163,35.501432102754954],[127.58809730013765,35.480809991670974],[127.56335076683686,35.476685569454176],[127.54272865575288,35.49318325832136],[127.44374252254975,35.4519390361534]]}},{"type":"Feature","properties":{"layer":"road","rank":4.0,"class":"Road"},"geometry":{"type":"LineString","coordinates":[[127.44374252254975,35.4519390361534],[127.41899598924898,35.4436901917198]]}},{"type":"Feature","properties":{"layer":"road","rank":4.0,"class":"Road"},"geometry":{"type":"LineString","coordinates":[[127.41899598924898,35.4436901917198],[127.36537850043062,35.418943658419025]]}},{"type":"Feature","properties":{"layer":"road","rank":4.0,"class":"Major Highway"},"geometry":{"type":"LineString","coordinates":[[128.48309692118252,35.53030305827253],[128.5119678767001,35.46431230280378],[128.5119678767001,35.42719250285261],[128.49547018783292,35.39832154733504]]}},{"type":"Feature","properties":{"layer":"road","rank":4.0,"class":"Road"},"geometry":{"type":"LineString","coordinates":[[127.36537850043062,35.418943658419025],[127.27464121166109,35.38594828068465],[127.1467841229404,35.365326169600664]]}},{"type":"Feature","properties":{"layer":"road","rank":3.0,"class":"Major Highway"},"geometry":{"type":"LineString","coordinates":[[129.1471288980868,35.55917401379011],[129.07288929818446,35.418943658419025],[129.06051603153406,35.377699436251056],[129.05639160931727,35.324081947432695],[129.06876487596767,35.303459836348715],[129.11825794256922,35.27458888083114]]}},{"type":"Feature","properties":{"layer":"road","rank":4.0,"class":"Major Highway"},"geometry":{"type":"LineString","coordinates":[[128.49547018783292,35.39832154733504],[128.47484807674894,35.365326169600664],[128.5160922989169,35.29108656969832],[128.5160922989169,35.25809119196395]]}},{"type":"Feature","properties":{"layer":"road","rank":3.0,"class":"Major Highway"},"geometry":{"type":"LineString","coordinates":[[128.5160922989169,35.25809119196395],[128.55733652108486,35.25396676974715],[128.61920285433683,35.27458888083114],[128.66869592093838,35.25809119196395]]}},{"type":"Feature","properties":{"layer":"road","rank":3.0,"class":"Major Highway"},"geometry":{"type":"LineString","coordinates":[[127.1467841229404,35.365326169600664],[127.05604683417087,35.340579636299886],[127.00242934535251,35.29933541413192],[126.97768281205174,35.27046445861434],[126.96530954540134,35.22097139201278],[126.96943396761814,35.2003492809288]]}},{"type":"Feature","properties":{"layer":"road","rank":3.0,"class":"Major Highway"},"geometry":{"type":"LineString","coordinates":[[128.66869592093838,35.25809119196395],[128.73056225419035,35.26221561418075],[128.74293552084072,35.25396676974715],[128.7635576319247,35.22097139201278],[128.79655300965908,35.2003492809288]]}},{"type":"Feature","properties":{"layer":"road","rank":3.0,"class":"Major Highway"},"geometry":{"type":"LineString","coordinates":[[128.91203683172938,35.2003492809288],[128.96977874276453,35.2003492809288]]}},{"type":"Feature","properties":{"layer":"road","rank":3.0,"class":"Major Highway"},"geometry":{"type":"LineString","coordinates":[[128.79655300965908,35.2003492809288],[128.80892627630948,35.196224858712],[128.91203683172938,35.2003492809288]]}},{"type":"Feature","properties":{"layer":"road","rank":5.0,"class":"Unknown"},"geometry":{"type":"LineString","coordinates":[[128.5160922989169,35.25809119196395],[128.5202167211337,35.24571792531356],[128.57383420995205,35.196224858712]]}},{"type":"Feature","properties":{"layer":"road","rank":3.0,"class":"Major Highway"},"geometry":{"type":"LineString","coordinates":[[126.96943396761814,35.2003492809288],[127.01480261200291,35.225095814229576],[127.12203758963962,35.23334465866317],[127.17977950067477,35.21272254757918],[127.22102372284274,35.17560274762802]]}},{"type":"Feature","properties":{"layer":"road","rank":3.0,"class":"Major Highway"},"geometry":{"type":"LineString","coordinates":[[129.11825794256922,35.27458888083114],[129.12650678700282,35.26221561418075],[129.10176025370203,35.21684696979598],[129.09351140926844,35.187976014278405],[129.09763583148523,35.17147832541122]]}},{"type":"Feature","properties":{"layer":"road","rank":3.0,"class":"Major Highway"},"geometry":{"type":"LineString","coordinates":[[128.96977874276453,35.2003492809288],[129.09763583148523,35.17147832541122]]}},{"type":"Feature","properties":{"layer":"road","rank":3.0,"class":"Major Highway"},"geometry":{"type":"LineString","coordinates":[[126.90756763436619,35.167353903194424],[126.96943396761814,35.2003492809288]]}},{"type":"Feature","properties":{"layer":"road","rank":3.0,"class":"Major Highway"},"geometry":{"type":"LineString","coordinates":[[126.83332803446385,35.5715472804405],[126.80858150116306,35.54267632492292],[126.78383496786229,35.46843672502058],[126.77971054564549,35.381823858467854],[126.80033265672948,35.340579636299886],[126.79620823451268,35.3199575252159],[126.7714617012119,35.29108656969832],[126.76321285677831,35.266340036397544],[126.79208381229589,35.225095814229576],[126.85807456776463,35.17560274762802],[126.8828211010654,35.167353903194424],[126.90756763436619,35.167353903194424]]}},{"type":"Feature","properties":{"layer":"road","rank":3.0,"class":"Major Highway"},"geometry":{"type":"LineString","coordinates":[[128.1366454549716,35.15910505876083],[128.20676063265716,35.17147832541122],[128.2768758103427,35.241593503096766],[128.33049329916105,35.266340036397544],[128.45422596566496,35.266340036397544],[128.5160922989169,35.25809119196395]]}},{"type":"Feature","properties":{"layer":"road","rank":3.0,"class":"Road"},"geometry":{"type":"LineString","coordinates":[[128.11189892167081,35.14673179211044],[128.1366454549716,35.15910505876083]]}},{"type":"Feature","properties":{"layer":"road","rank":6.0,"class":"Unknown"},"geometry":{"type":"LineString","coordinates":[[128.96152989833095,35.14673179211044],[128.899663565079,35.150856214327234],[128.82129954295985,35.17147832541122],[128.79655300965908,35.2003492809288]]}},{"type":"Feature","properties":{"layer":"road","rank":5.0,"class":"Unknown"},"geometry":{"type":"LineString","coordinates":[[129.07288929818446,35.14673179211044],[129.09763583148523,35.17147832541122]]}},{"type":"Feature","properties":{"layer":"road","rank":6.0,"class":"Unknown"},"geometry":{"type":"LineString","coordinates":[[128.99864969828212,35.14673179211044],[128.96152989833095,35.14673179211044]]}},{"type":"Feature","properties":{"layer":"road","rank":5.0,"class":"Unknown"},"geometry":{"type":"LineString","coordinates":[[126.90756763436619,35.167353903194424],[126.8951943677158,35.13435852546005]]}},{"type":"Feature","properties":{"layer":"road","rank":3.0,"class":"Major Highway"},"geometry":{"type":"LineString","coordinates":[[128.08302796615325,35.11786083659286],[128.11189892167081,35.14673179211044]]}},{"type":"Feature","properties":{"layer":"road","rank":5.0,"class":"Unknown"},"geometry":{"type":"LineString","coordinates":[[129.04401834266687,35.10548756994247],[129.07288929818446,35.14673179211044]]}},{"type":"Feature","properties":{"layer":"road","rank":3.0,"class":"Major Highway"},"geometry":{"type":"LineString","coordinates":[[127.22102372284274,35.17560274762802],[127.25814352279392,35.10548756994247],[127.25401910057711,35.07661661442489]]}},{"type":"Feature","properties":{"layer":"road","rank":5.0,"class":"Major Highway"},"geometry":{"type":"LineString","coordinates":[[126.8951943677158,35.13435852546005],[126.8993187899326,35.088989881075285],[126.8951943677158,35.08074103664169],[126.8828211010654,35.068367769991305],[126.84157687889744,35.068367769991305],[126.84157687889744,35.04362123669052],[126.82507919003025,35.02299912560654],[126.77971054564549,35.014750281172944],[126.72196863461033,35.01887470338974],[126.69309767909276,35.00650143673935]]}},{"type":"Feature","properties":{"layer":"road","rank":3.0,"class":"Major Highway"},"geometry":{"type":"LineString","coordinates":[[127.25401910057711,35.07661661442489],[127.2622679450107,35.051870081124115],[127.35712965599703,35.010625858956146],[127.44786694476656,34.99825259230576]]}},{"type":"Feature","properties":{"layer":"road","rank":5.0,"class":"Major Highway"},"geometry":{"type":"LineString","coordinates":[[126.69309767909276,35.00650143673935],[126.6518534569248,34.99412817008896],[126.60236039032323,35.01887470338974],[126.56936501258886,35.02299912560654],[126.53636963485448,35.00237701452255]]}},{"type":"Feature","properties":{"layer":"road","rank":3.0,"class":"Major Highway"},"geometry":{"type":"LineString","coordinates":[[127.78606956654389,34.99412817008896],[127.81906494427827,35.014750281172944],[127.91805107748138,35.02712354782334],[128.0129127884677,35.06424334777451],[128.08302796615325,35.11786083659286]]}},{"type":"Feature","properties":{"layer":"road","rank":3.0,"class":"Major Highway"},"geometry":{"type":"LineString","coordinates":[[127.44786694476656,34.99825259230576],[127.56335076683686,34.96525721457138]]}},{"type":"Feature","properties":{"layer":"road","rank":3.0,"class":"Major Highway"},"geometry":{"type":"LineString","coordinates":[[127.56335076683686,34.96525721457138],[127.60047056678803,34.96113279235459],[127.67471016669037,34.98175490343857],[127.72007881107514,34.98587932565537],[127.74894976659272,34.97763048122177],[127.78606956654389,34.99412817008896]]}},{"type":"Feature","properties":{"layer":"road","rank":5.0,"class":"Major Highway"},"geometry":{"type":"LineString","coordinates":[[126.53636963485448,35.00237701452255],[126.45388119051856,34.95700837013779],[126.44563234608496,34.9446351034874],[126.43325907943456,34.915764147969824],[126.44975676830175,34.86214665915146],[126.42501023500097,34.8209024369835]]}},{"type":"Feature","properties":{"layer":"road","rank":5.0,"class":"Unknown"},"geometry":{"type":"LineString","coordinates":[[126.39613927948339,34.79203148146592],[126.42501023500097,34.8209024369835]]}},{"type":"Feature","properties":{"layer":"road","rank":5.0,"class":"Unknown"},"geometry":{"type":"LineString","coordinates":[[132.0,34.776674199624544],[131.96410927215896,34.759036103731546],[131.86924756117264,34.67242323717882]]}},{"type":"Feature","properties":{"layer":"road","rank":5.0,"class":"Unknown"},"geometry":{"type":"LineString","coordinates":[[131.86924756117264,34.67242323717882],[131.86512313895582,34.660049970528426],[131.81563007235428,34.61055690392687],[131.81563007235428,34.58168594840929],[131.84037660565505,34.55281499289171],[131.84037660565505,34.540441726241326],[131.7991323834871,34.45795328190539],[131.7867591168367,34.41670905973742],[131.70427067250077,34.34659388205188],[131.59291127264726,34.297100815450314],[131.5104228283113,34.21048794889759],[131.4073122728914,34.13212392677845]]}},{"type":"Feature","properties":{"layer":"road","rank":3.0,"class":"Major Highway"},"geometry":{"type":"LineString","coordinates":[[132.0,34.36380569006044],[131.96823369437575,34.34246945983508],[131.95173600550856,34.33834503761828],[131.9269894722078,34.35484272648547],[131.86924756117264,34.33009619318469],[131.87749640560622,34.272354282149536],[131.87337198338943,34.24760774884876],[131.83625218343826,34.23111005998157],[131.7991323834871,34.20223910446399],[131.73314162801833,34.1939902600304],[131.68777298363358,34.20223910446399],[131.64652876146562,34.18574141559681],[131.59703569486405,34.20223910446399],[131.5557914726961,34.16099488229602],[131.46917860614334,34.119750660128055]]}},{"type":"Feature","properties":{"layer":"road","rank":3.0,"class":"Major Highway"},"geometry":{"type":"LineString","coordinates":[[131.46917860614334,34.119750660128055],[131.43618322840896,34.119750660128055],[131.4073122728914,34.13212392677845]]}},{"type":"Feature","properties":{"layer":"road","rank":4.0,"class":"Major Highway"},"geometry":{"type":"LineString","coordinates":[[131.7991323834871,34.09500412682728],[131.74139047245194,34.09500412682728],[131.70014625028398,34.08263086017689]]}},{"type":"Feature","properties":{"layer":"road","rank":4.0,"class":"Major Highway"},"geometry":{"type":"LineString","coordinates":[[132.0,34.07450492295431],[131.95998484994215,34.078506437960094],[131.8981185166902,34.11150181569447],[131.85687429452224,34.12387508234485],[131.82387891678786,34.115626237911265],[131.7991323834871,34.09500412682728]]}},{"type":"Feature","properties":{"layer":"road","rank":4.0,"class":"Major Highway"},"geometry":{"type":"LineString","coordinates":[[131.46917860614334,34.119750660128055],[131.48980071722733,34.09087970461048],[131.54754262826248,34.074382015743296],[131.59703569486405,34.078506437960094],[131.6424043392488,34.074382015743296],[131.70014625028398,34.08263086017689]]}},{"type":"Feature","properties":{"layer":"road","rank":3.0,"class":"Major Highway"},"geometry":{"type":"LineString","coordinates":[[131.4073122728914,34.13212392677845],[131.36606805072344,34.16099488229602],[131.31657498412187,34.173368148946416],[131.25883307308672,34.13212392677845],[131.22583769535234,34.119750660128055],[131.09385618441485,34.09087970461048],[131.06498522889729,34.074382015743296],[131.00311889564531,34.02488894914173],[130.98662120677812,33.99601799362416],[131.01549216229571,33.93415166037221],[131.0196165845125,33.89703186042104],[131.00311889564531,33.87228532712025],[130.97012351791093,33.85166321603627],[130.94125256239337,33.822792260518696]]}},{"type":"Feature","properties":{"layer":"road","rank":3.0,"class":"Major Highway"},"geometry":{"type":"LineString","coordinates":[[130.94125256239337,33.822792260518696],[130.9206304513094,33.806294571651506],[130.8752618069246,33.806294571651506]]}},{"type":"Feature","properties":{"layer":"road","rank":5.0,"class":"Unknown"},"geometry":{"type":"LineString","coordinates":[[130.94125256239337,33.822792260518696],[130.97424794012775,33.785672460567525],[130.99074562899494,33.75267708283315],[130.99074562899494,33.73617939396596]]}},{"type":"Feature","properties":{"layer":"road","rank":3.0,"class":"Major Highway"},"geometry":{"type":"LineString","coordinates":[[130.8752618069246,33.806294571651506],[130.74328029598712,33.765050349483545],[130.6566674294344,33.75680150504995],[130.5453080295809,33.727930549532374],[130.5246859184969,33.711432860665184],[130.5123126518465,33.67431306071401],[130.5205614962801,33.612446727462064]]}},{"type":"Feature","properties":{"layer":"road","rank":3.0,"class":"Road"},"geometry":{"type":"LineString","coordinates":[[130.5205614962801,33.612446727462064],[130.49993938519611,33.61657114967886],[130.4298242075106,33.587700194161286],[130.38033114090902,33.58357577194449]]}},{"type":"Feature","properties":{"layer":"road","rank":6.0,"class":"Major Highway"},"geometry":{"type":"LineString","coordinates":[[130.58242782953207,33.39385234997184],[130.60304994061605,33.41035003883903],[130.63604531835043,33.418598883272615],[130.664916273868,33.41035003883903]]}},{"type":"Feature","properties":{"layer":"road","rank":4.0,"class":"Major Highway"},"geometry":{"type":"LineString","coordinates":[[130.5205614962801,33.612446727462064],[130.5411836073641,33.55470481642691],[130.5246859184969,33.50521174982535],[130.5411836073641,33.459843105440584],[130.57005456288167,33.4392209943566],[130.58242782953207,33.39385234997184]]}},{"type":"Feature","properties":{"layer":"road","rank":4.0,"class":"Major Highway"},"geometry":{"type":"LineString","coordinates":[[130.58242782953207,33.39385234997184],[130.58242782953207,33.381479083321445]]}},{"type":"Feature","properties":{"layer":"road","rank":6.0,"class":"Major Highway"},"geometry":{"type":"LineString","coordinates":[[130.664916273868,33.41035003883903],[130.74740471820394,33.37323023888786]]}},{"type":"Feature","properties":{"layer":"road","rank":4.0,"class":"Major Highway"},"geometry":{"type":"LineString","coordinates":[[130.58242782953207,33.381479083321445],[130.58655225174886,33.35260812780387]]}},{"type":"Feature","properties":{"layer":"road","rank":4.0,"class":"Major Highway"},"geometry":{"type":"LineString","coordinates":[[130.58242782953207,33.39385234997184],[130.56593014066488,33.40622561662223],[130.5288103407137,33.397976772188635],[130.49169054076253,33.37323023888786],[130.4133265186434,33.360856972237464],[130.31846480765708,33.319612750069496]]}},{"type":"Feature","properties":{"layer":"road","rank":5.0,"class":"Unknown"},"geometry":{"type":"LineString","coordinates":[[130.99074562899494,33.73617939396596],[131.08973176219806,33.60419788302847],[131.1804690509676,33.595949038594874],[131.23821096200274,33.58357577194449],[131.2794551841707,33.5670780830773],[131.35781920628983,33.5588292386437],[131.43205880619217,33.5588292386437],[131.47330302836014,33.52583386090933],[131.5104228283113,33.50933617204215],[131.5269205171785,33.48871406095816],[131.56816473934646,33.38560350553824],[131.51454725052812,33.37323023888786],[131.49392513944414,33.356732550020666],[131.48980071722733,33.33198601671989],[131.50629840609452,33.26599526125114],[131.57228916156328,33.24124872795036],[131.60940896151445,33.24124872795036],[131.62590665038164,33.23299988351677]]}},{"type":"Feature","properties":{"layer":"road","rank":4.0,"class":"Major Highway"},"geometry":{"type":"LineString","coordinates":[[130.31846480765708,33.319612750069496],[130.1617367634188,33.30723948341911],[130.08749716351645,33.22887546129997]]}},{"type":"Feature","properties":{"layer":"road","rank":4.0,"class":"Major Highway"},"geometry":{"type":"LineString","coordinates":[[130.08749716351645,33.22887546129997],[130.03387967469808,33.162884705831225]]}},{"type":"Feature","properties":{"layer":"road","rank":5.0,"class":"Major Highway"},"geometry":{"type":"LineString","coordinates":[[130.08749716351645,33.22887546129997],[130.00088429696373,33.20825335021598],[129.96376449701256,33.21650219464958],[129.93076911927818,33.200004505782395],[129.9018981637606,33.20825335021598],[129.86477836380942,33.1958800835656],[129.82353414164146,33.15463586139763],[129.7946631861239,33.146387016964034],[129.7699166528231,33.162884705831225],[129.74517011952233,33.15876028361443],[129.72867243065514,33.146387016964034]]}},{"type":"Feature","properties":{"layer":"road","rank":4.0,"class":"Major Highway"},"geometry":{"type":"LineString","coordinates":[[130.03387967469808,33.162884705831225],[130.0132575636141,33.13813817253044]]}},{"type":"Feature","properties":{"layer":"road","rank":5.0,"class":"Major Highway"},"geometry":{"type":"LineString","coordinates":[[129.9967598747469,33.121640483663256],[130.0132575636141,33.13813817253044]]}},{"type":"Feature","properties":{"layer":"road","rank":5.0,"class":"Unknown"},"geometry":{"type":"LineString","coordinates":[[129.9967598747469,33.121640483663256],[129.98438660809654,33.146387016964034],[130.03387967469808,33.162884705831225]]}},{"type":"Feature","properties":{"layer":"road","rank":5.0,"class":"Major Highway"},"geometry":{"type":"LineString","coordinates":[[131.62590665038164,33.23299988351677],[131.62178222816482,33.20825335021598],[131.638279917032,33.183506816915205],[131.67539971698318,33.15051143918083],[131.68777298363358,33.121640483663256],[131.68777298363358,33.09689395036248],[131.6712752947664,33.0638985726281],[131.658902028116,33.05564972819451]]}},{"type":"Feature","properties":{"layer":"road","rank":5.0,"class":"Major Highway"},"geometry":{"type":"LineString","coordinates":[[129.95964007479574,33.03915203932732],[129.9967598747469,33.08039626149529],[130.00500871918052,33.10101837257927],[129.9967598747469,33.121640483663256]]}},{"type":"Feature","properties":{"layer":"road","rank":5.0,"class":"Unknown"},"geometry":{"type":"LineString","coordinates":[[129.95964007479574,33.03915203932732],[129.95551565257895,33.05152530597771],[129.95964007479574,33.08864510592888],[129.9967598747469,33.121640483663256]]}},{"type":"Feature","properties":{"layer":"road","rank":4.0,"class":"Road"},"geometry":{"type":"LineString","coordinates":[[130.00500871918052,32.90717052838983],[129.98438660809654,32.944290328341],[129.97613776366293,33.00203223937615],[129.95964007479574,33.03915203932732]]}},{"type":"Feature","properties":{"layer":"road","rank":5.0,"class":"Major Highway"},"geometry":{"type":"LineString","coordinates":[[130.00500871918052,32.89892168395623],[129.97201334144614,32.911294950606624],[129.95964007479574,32.92779263947381],[129.95551565257895,32.944290328341],[129.96376449701256,32.99790781715935],[129.95964007479574,33.03915203932732]]}},{"type":"Feature","properties":{"layer":"road","rank":4.0,"class":"Road"},"geometry":{"type":"LineString","coordinates":[[130.00500871918052,32.90717052838983],[130.0091331413973,32.89892168395623]]}},{"type":"Feature","properties":{"layer":"road","rank":4.0,"class":"Major Highway"},"geometry":{"type":"LineString","coordinates":[[130.58655225174886,33.35260812780387],[130.59067667396565,33.32373717228629],[130.58655225174886,33.298990638985515],[130.56593014066488,33.24124872795036],[130.56180571844808,33.200004505782395],[130.5453080295809,33.15051143918083],[130.56593014066488,33.08039626149529],[130.57417898509846,33.0638985726281],[130.6607918516512,32.97728570607537],[130.68553838495197,32.969036861641776],[130.71028491825277,32.969036861641776],[130.72678260711993,32.95666359499138],[130.7597779848543,32.88654841730584],[130.7886489403719,32.853553039571466]]}},{"type":"Feature","properties":{"layer":"road","rank":4.0,"class":"Major Highway"},"geometry":{"type":"LineString","coordinates":[[130.0091331413973,32.89892168395623],[130.03387967469808,32.82880650627069],[130.0173819858309,32.816433239620295],[130.00088429696373,32.816433239620295]]}},{"type":"Feature","properties":{"layer":"road","rank":5.0,"class":"Major Highway"},"geometry":{"type":"LineString","coordinates":[[129.96788891922935,32.80818439518671],[130.00088429696373,32.816433239620295]]}},{"type":"Feature","properties":{"layer":"road","rank":5.0,"class":"Unknown"},"geometry":{"type":"LineString","coordinates":[[129.97334518268715,32.8],[129.96788891922935,32.80818439518671]]}},{"type":"Feature","properties":{"layer":"road","rank":5.0,"class":"Major Highway"},"geometry":{"type":"LineString","coordinates":[[129.96788891922935,32.80818439518671],[129.9227780718321,32.8]]}},{"type":"Feature","properties":{"layer":"road","rank":5.0,"class":"Major Highway"},"geometry":{"type":"LineString","coordinates":[[131.71256248309894,32.8],[131.72076836136796,32.812308817403505],[131.71664393915114,32.83705535070428],[131.73726605023515,32.853553039571466],[131.77438585018632,32.86180188400506],[131.79088353905348,32.874175150655454],[131.81563007235428,32.92779263947381],[131.85274987230545,32.97316128385857],[131.84862545008863,32.98965897272576],[131.7950079612703,32.98141012829217],[131.7661370057527,32.99790781715935],[131.73726605023515,33.00203223937615],[131.70014625028398,33.03915203932732],[131.658902028116,33.05564972819451]]}},{"type":"Feature","properties":{"layer":"road","rank":4.0,"class":"Major Highway"},"geometry":{"type":"LineString","coordinates":[[130.7886489403719,32.853553039571466],[130.80927105145588,32.84117977292108],[130.81751989588946,32.82880650627069],[130.81751989588946,32.8]]}},{"type":"Feature","properties":{"layer":"place","name":"Yeosu","rank":7.0,"class":"Populated place","population":341994},"geometry":{"type":"Point","coordinates":[127.7458353,34.7367802]}},{"type":"Feature","properties":{"layer":"place","name":"Andong","rank":7.0,"class":"Populated place","population":129319},"geometry":{"type":"Point","coordinates":[128.7250004,36.5659192]}},{"type":"Feature","properties":{"layer":"place","name":"Jeju","rank":7.0,"class":"Admin-1 capital","population":408364},"geometry":{"type":"Point","coordinates":[126.5219307,33.5101367]}},{"type":"Feature","properties":{"layer":"place","name":"Gangneung","rank":7.0,"class":"Populated place","population":180611},"geometry":{"type":"Point","coordinates":[128.8961527,37.7558724]}},{"type":"Feature","properties":{"layer":"place","name":"Sokcho","rank":7.0,"class":"Populated place","population":85430},"geometry":{"type":"Point","coordinates":[128.5911584,38.208713]}},{"type":"Feature","properties":{"layer":"place","name":"Jeonju","rank":7.0,"class":"Admin-1 capital","population":711424},"geometry":{"type":"Point","coordinates":[127.1403942,35.8314162]}},{"type":"Feature","properties":{"layer":"place","name":"Gunsan","rank":7.0,"class":"Populated place","population":244080},"geometry":{"type":"Point","coordinates":[126.7160215,35.9817657]}},{"type":"Feature","properties":{"layer":"place","name":"Mokpo","rank":7.0,"class":"Populated place","population":268402},"geometry":{"type":"Point","coordinates":[126.3958402,34.8068018]}},{"type":"Feature","properties":{"layer":"place","name":"Pyongsan","rank":7.0,"class":"Populated place","population":66260},"geometry":{"type":"Point","coordinates":[126.3866418,38.3366897]}},{"type":"Feature","properties":{"layer":"place","name":"Ongjin","rank":7.0,"class":"Populated place","population":69195},"geometry":{"type":"Point","coordinates":[125.3570922,37.9371017]}},{"type":"Feature","properties":{"layer":"place","name":"Haeju","rank":7.0,"class":"Admin-1 capital","population":224231},"geometry":{"type":"Point","coordinates":[125.7143831,38.039421]}},{"type":"Feature","properties":{"layer":"place","name":"Chongju","rank":7.0,"class":"Populated place","population":141769},"geometry":{"type":"Point","coordinates":[125.2163256,39.6812846]}},{"type":"Feature","properties":{"layer":"place","name":"Sasebo","rank":7.0,"class":"Populated place","population":237444},"geometry":{"type":"Point","coordinates":[129.7177046,33.1631295]}},{"type":"Feature","properties":{"layer":"place","name":"Kitakyushu","rank":7.0,"class":"Admin-1 capital","population":997536},"geometry":{"type":"Point","coordinates":[130.8200146,33.870399]}},{"type":"Feature","properties":{"layer":"place","name":"Kumamoto","rank":7.0,"class":"Admin-1 capital","population":718232},"geometry":{"type":"Point","coordinates":[130.700642,32.8009294]}},{"type":"Feature","properties":{"layer":"place","name":"Oita","rank":7.0,"class":"Admin-1 capital","population":448907},"geometry":{"type":"Point","coordinates":[131.5978999,33.243228]}},{"type":"Feature","properties":{"layer":"place","name":"Puch'on","rank":7.0,"class":"Populated place","population":866000},"geometry":{"type":"Point","coordinates":[126.7811097,37.5008348]}},{"type":"Feature","properties":{"layer":"place","name":"Songnam","rank":7.0,"class":"Populated place","population":942000},"geometry":{"type":"Point","coordinates":[127.1358319,37.440557]}},{"type":"Feature","properties":{"layer":"place","name":"Goyang","rank":7.0,"class":"Populated place","population":903000},"geometry":{"type":"Point","coordinates":[126.8353027,37.6546817]}},{"type":"Feature","properties":{"layer":"place","name":"Suwon","rank":6.0,"class":"Admin-1 capital","population":1078000},"geometry":{"type":"Point","coordinates":[127.0089472,37.259735]}},{"type":"Feature","properties":{"layer":"place","name":"Pohang","rank":6.0,"class":"Populated place","population":435266},"geometry":{"type":"Point","coordinates":[129.3715242,36.020862]}},{"type":"Feature","properties":{"layer":"place","name":"Ulsan","rank":6.0,"class":"Admin-1 capital","population":1061000},"geometry":{"type":"Point","coordinates":[129.315008,35.5486766]}},{"type":"Feature","properties":{"layer":"place","name":"Daegu","rank":6.0,"class":"Admin-1 capital","population":2460000},"geometry":{"type":"Point","coordinates":[128.6050255,35.8687346]}},{"type":"Feature","properties":{"layer":"place","name":"Nampo","rank":6.0,"class":"Admin-1 capital","population":1127000},"geometry":{"type":"Point","coordinates":[125.450488,38.7688666]}},{"type":"Feature","properties":{"layer":"place","name":"Incheon","rank":4.0,"class":"Admin-1 capital","population":2550000},"geometry":{"type":"Point","coordinates":[126.6402876,37.4780937]}},{"type":"Feature","properties":{"layer":"place","name":"Daejeon","rank":4.0,"class":"Admin-1 capital","population":1468000},"geometry":{"type":"Point","coordinates":[127.4230822,36.3374915]}},{"type":"Feature","properties":{"layer":"place","name":"Gwangju","rank":4.0,"class":"Admin-1 capital","population":1440000},"geometry":{"type":"Point","coordinates":[126.9084883,35.1729115]}},{"type":"Feature","properties":{"layer":"place","name":"Busan","rank":4.0,"class":"Admin-1 capital","population":3480000},"geometry":{"type":"Point","coordinates":[129.0081017,35.0969988]}},{"type":"Feature","properties":{"layer":"place","name":"Wonsan","rank":4.0,"class":"Admin-1 capital","population":329207},"geometry":{"type":"Point","coordinates":[127.4308158,39.1604895]}},{"type":"Feature","properties":{"layer":"place","name":"Fukuoka","rank":4.0,"class":"Admin-1 region capital","population":2792000},"geometry":{"type":"Point","coordinates":[130.4080679,33.5969611]}},{"type":"Feature","properties":{"layer":"place","name":"Pyongyang","rank":2.0,"class":"Admin-0 capital","population":3300000},"geometry":{"type":"Point","coordinates":[125.7527449,39.0213846]}},{"type":"Feature","properties":{"layer":"place","name":"Seoul","rank":1.0,"class":"Admin-0 capital","population":9796000},"geometry":{"type":"Point","coordinates":[126.9977851,37.568295]}}]}